staging_id,name_raw,city,region,r3_classification,match_type,cartescolaire_matricule,cartescolaire_name,cartescolaire_scheme
e37bfbae-158a-402d-9a1b-a9f34e0e1b55,CEFTI,Douala,Littoral,SOURCE_REVIEW,EXACT_NAME,14280735,CEFTI,DIGIT_PREFIX
ea7c760b-ea36-4fb3-a22c-579b6b28cd76,CEGT MALANGUE,Douala,Littoral,SOURCE_REVIEW,EXACT_NAME,14280736,CEGT DE MALANGUE,DIGIT_PREFIX
293f466f-a9fb-4ef9-998d-a9e23d3cf8a3,CETI NGUEUGA,Douala,Littoral,SOURCE_REVIEW,PROBABLE,14280701,CETI BILINGUE NGUEUGA TECH FR,DIGIT_PREFIX
a4196e2a-03c5-4271-be1b-0c423b4cc9cc,CETI STE CECILE,Douala,Littoral,SOURCE_REVIEW,PROBABLE,11060306,INSTITUT POLYVALENT BILINGUE CECILE ET GABRIEL DIPITO,DIGIT_PREFIX
7c697aa7-2299-48e8-a396-1cff6c9f33a9,COLLEGE ANDRE MALRAUX,Douala,Littoral,SOURCE_REVIEW,EXACT_NAME,14280738,COLLEGE ANDRE MALRAUX,DIGIT_PREFIX
520a0ebd-d333-4fb8-a9d1-3f082fabdbf0,COLLEGE BENEDICTE,Douala,Littoral,SOURCE_REVIEW,EXACT_NAME,14280612,COLLEGE BENEDICTE,DIGIT_PREFIX
b2042a09-4a41-4594-aa2a-bd47f61f1cf3,COLLEGE BILINGUE ADONAÏ,Douala,Littoral,SOURCE_REVIEW,EXACT_NAME,14280739,COLLEGE BILINGUE ADONAI,DIGIT_PREFIX
953ed8a0-db0b-4e92-b17d-e0bd7bfd8355,COLLEGE BILINGUE BONCHOUO,Douala,Littoral,SOURCE_REVIEW,EXACT_NAME,14280703,COLLEGE BILINGUE BONCHOUO,DIGIT_PREFIX
05a62eff-a78f-4ab9-afa0-5075b9e933cb,COLLEGE BILINGUE EMERGENCE MIAFO SOLANGE,Douala,Littoral,SOURCE_REVIEW,PROBABLE,11060140,COLLEGE PRIVE LAIC L&#039;EMERGENCE,DIGIT_PREFIX
76810653-17e2-4871-8b4f-7a64c6a27e84,COLLEGE BILINGUE FANON ET CESAIRE,Douala,Littoral,SOURCE_REVIEW,EXACT_NAME,14280614,COLLEGE BILINGUE FANON ET CESAIRE,DIGIT_PREFIX
a4c189dc-69e8-4b53-b493-8e226ad7fee5,COLLEGE BILINGUE LA CADENELLE,Douala,Littoral,SOURCE_REVIEW,PROBABLE,14280774,COLLEGE PRIVE BILINGUE LA CADENELLE,DIGIT_PREFIX
f151be76-dd16-4c1a-8629-b43991c71d51,COLLEGE BILINGUE L'ORCHIDEE,Douala,Littoral,SOURCE_REVIEW,EXACT_NAME,14280749,COLLEGE BILINGUE ORCHIDEE,DIGIT_PREFIX
f439adb4-1677-452e-ac47-97f1119f1140,COLLEGE BILINGUE LA PERLE,Douala,Littoral,SOURCE_REVIEW,PROBABLE,11061065,COLLEGE POLYVALENT LA PERLE PLUS,DIGIT_PREFIX
e3e0380c-ccdc-4184-a6bd-761f74adeca8,COLLEGE BILINGUE LAVAL,Douala,Littoral,SOURCE_REVIEW,PROBABLE,14280747,COLLEGE BILINGUE LAVAL DE MAKEPE,DIGIT_PREFIX
77315b6b-f363-4374-80fd-990fa818b5bb,COLLEGE BILINGUE LE PETIT ROUSSEAU,Douala,Littoral,DUPLICATE_REVIEW,EXACT_NAME,14280708,COLLEGE BILINGUE LE PETIT ROUSSEAU,DIGIT_PREFIX
175d0b2f-efc0-4c53-ba09-4b37da0c465e,COLLEGE BILINGUE LES LEADERS,Douala,Littoral,SOURCE_REVIEW,EXACT_NAME,14280889,COLLEGE BILINGUE LES LEADERS,DIGIT_PREFIX
fc63ea31-f080-4630-886c-3662925026d3,COLLEGE BILINGUE MATURITE,Douala,Littoral,SOURCE_REVIEW,EXACT_NAME,14280742,COLLEGE BILINGUE DE LA MATURITE,DIGIT_PREFIX
858eecac-76f7-40a8-ae2c-73052b722b10,COLLEGE CHARLES DE GAULLE,Douala,Littoral,SOURCE_REVIEW,EXACT_NAME,14280754,COLLEGE CHARLES DE GAULLE,DIGIT_PREFIX
a29dca3f-37f6-45bd-b66e-4765ba9f5cb0,COLLEGE CHRISTINA,Douala,Littoral,SOURCE_REVIEW,EXACT_NAME,14280755,COLLEGE CHRISTINA,DIGIT_PREFIX
9c87ac95-9eba-4caa-a980-79782e3cab2b,COLLEGE DE LA RESPONSABILITE,Douala,Littoral,SOURCE_REVIEW,EXACT_NAME,14280623,COLLEGE DE LA RESPONSABILITE,DIGIT_PREFIX
3c77ad32-42f6-43c5-bd0f-a43923e6b655,COLLEGE DE LA RETRAITE EDINGELE,Douala,Littoral,SOURCE_REVIEW,PROBABLE,14280746,COLLEGE BILINGUE LA RETRAITE EDINGELE,DIGIT_PREFIX
0763cf1b-308d-4885-96d6-096b8395d16e,COLLEGE DU LEVANT BONABERI,Douala,Littoral,DUPLICATE_REVIEW,PROBABLE,LT58100C36,CETIC DE BONABERI,ALPHA_PREFIX
35dbc7ad-bf07-4f36-9236-9b46b3ca4842,FONDATION KAMTCHOUM-NDAMI COLLEGE,Douala,Littoral,SOURCE_REVIEW,PROBABLE,11130041,FONDATION LE BON SAMARITAIN,DIGIT_PREFIX
5485d520-75a4-43b3-a23f-e91c184eb49c,Lycée d'Akwa,Douala,Littoral,DUPLICATE_REVIEW,PROBABLE,14280594,COLLEGE KING AKWA,DIGIT_PREFIX
15a49361-77dd-469a-b887-99e262c128ef,Lycée Technique d'Akwa,Douala,Littoral,DUPLICATE_REVIEW,PROBABLE,14280594,COLLEGE KING AKWA,DIGIT_PREFIX
5f2025db-8c83-4b8f-9e5b-8c4fea8a05a2,Lycée Technique de Bonadoumbè,Douala,Littoral,SOURCE_REVIEW,PROBABLE,LT58097L33,LYCEE TECHNIQUE BILINGUE BONADOUMBE,ALPHA_PREFIX
88fbf516-b6e2-47bc-9f27-0dc37bbc7afd,Lycée Technique de Douala-Koumassi,Douala,Littoral,DUPLICATE_REVIEW,EXACT_NAME,LT58097L32,LYCEE TECHNIQUE DOUALA KOUMASSI,ALPHA_PREFIX
5ef30f0b-125e-4178-b6d0-fb8726a431cc,Lycée Mongo Joseph,Douala,Littoral,DUPLICATE_REVIEW,EXACT_NAME,LT58098I06,LYCEE MONGO JOSEPH,ALPHA_PREFIX
6c012224-a537-4f15-a70c-06a9f1456295,Lycée Bilingue de Nyalla,Douala,Littoral,DUPLICATE_REVIEW,EXACT_NAME,LT58099H10,LYCEE BILINGUE DE NYALLA,ALPHA_PREFIX
8e1b63a5-a712-485b-8061-97b31fb1dff4,Lycée Génie Militaire,Douala,Littoral,DUPLICATE_REVIEW,PROBABLE,LT58099I12,LYCEE BILINGUE DU GENIE MILITAIRE,ALPHA_PREFIX
2e5e271b-28b9-4c36-bbb0-ceb7377290c2,Lycée de Japoma,Douala,Littoral,DUPLICATE_REVIEW,PROBABLE,LT58099I14,LYCEE BILINGUE DE JAPOMA,ALPHA_PREFIX
8f1c5054-e488-465b-845d-dc27d204ea97,Lycée Bilingue de PK21-Massoumbou,Douala,Littoral,DUPLICATE_REVIEW,PROBABLE,LT49355C29,CETIC DE MASSOUMBOU,ALPHA_PREFIX
64cf5273-ee9a-4c1a-bd62-cc12cb655ff0,Lycée Bilingue de Ngodi-Bakoko,Douala,Littoral,DUPLICATE_REVIEW,EXACT_NAME,LT58099H09,LYCEE BILINGUE DE NGODI BAKOKO,ALPHA_PREFIX
0ac85afb-0984-44bc-a960-9d2419d4e0b8,Lycée Bilingue de Bobongo Petit-Paris,Douala,Littoral,DUPLICATE_REVIEW,EXACT_NAME,LT58099H08,LYCEE BILINGUE BOBONGO PETIT PARIS,ALPHA_PREFIX
3a8a40a7-ba07-46bc-8102-c481e8a5a080,Lycée d'Oyack,Douala,Littoral,DUPLICATE_REVIEW,PROBABLE,CE53214I10,LYCEE BILINGUE DE MBALMAYO OYACK,ALPHA_PREFIX
2e5aab21-5a12-4703-8d9b-2fcb1fab2845,Lycée de Ndog Hem,Douala,Littoral,DUPLICATE_REVIEW,EXACT_NAME,LT58099I15,LYCEE DE NDOG-HEM,ALPHA_PREFIX
b9403150-0b94-4fc1-b79c-b9d9cce1e302,Lycée Bilingue de Nylon Ndogpassi,Douala,Littoral,DUPLICATE_REVIEW,EXACT_NAME,LT58099I16,LYCEE BILINGUE DE NYLON NDOGPASSI,ALPHA_PREFIX
a30ec37e-ba2a-41e3-bc9c-f0a3054a7344,Lycée Bilingue de Nylon-Brazzaville,Douala,Littoral,DUPLICATE_REVIEW,EXACT_NAME,LT58099H11,LYCEE BILINGUE DE NYLON BRAZZAVILLE,ALPHA_PREFIX
f49b2465-5d15-46b9-aa06-94a5a22ae300,Lycée Technique de Nylon-Ndogpassi ZR,Douala,Littoral,DUPLICATE_REVIEW,PROBABLE,LT58099I16,LYCEE BILINGUE DE NYLON NDOGPASSI,ALPHA_PREFIX
54cceb4d-bb50-438b-ba7b-644def31daa4,Lycée Polyvalent de Bonabéri,Douala,Littoral,DUPLICATE_REVIEW,EXACT_NAME,LT58100J24,LYCEE POLYVALENT DE BONABERI,ALPHA_PREFIX
3eb74748-621b-4335-961a-389e106f4447,Lycée de Sodiko,Douala,Littoral,DUPLICATE_REVIEW,PROBABLE,14280707,COLLEGE BILINGUE IVAN DE SODIKO,DIGIT_PREFIX
f89529f8-0255-425c-b010-54e211d88931,Lycée Bilingue de Bonassama,Douala,Littoral,DUPLICATE_REVIEW,EXACT_NAME,LT58100H21,LYCEE BILINGUE DE BONASSAMA,ALPHA_PREFIX
160499cc-d179-4ee0-81ac-4169bee9b2af,Lycée Bilingue de Bonabéri,Douala,Littoral,DUPLICATE_REVIEW,EXACT_NAME,LT58100H20,LYCEE BILINGUE DE BONABERI,ALPHA_PREFIX
d6b0ff63-9e25-4ef6-92d9-862a85b3a649,Lycée Bilingue de Bojongo,Douala,Littoral,DUPLICATE_REVIEW,EXACT_NAME,LT58100H19,LYCEE BILINGUE BOJONGO,ALPHA_PREFIX
3805fb48-88b4-4ab5-9c39-73b6f85b7332,Lycée Bilingue de Mambanda,Douala,Littoral,DUPLICATE_REVIEW,EXACT_NAME,LT58100H22,LYCEE BILINGUE DE MAMBANDA,ALPHA_PREFIX
a11111b7-8f0c-4d56-9532-cf0054e1a2fd,Lycée Technique de Bonabéri-Bonendalè,Douala,Littoral,DUPLICATE_REVIEW,PROBABLE,LT58100C36,CETIC DE BONABERI,ALPHA_PREFIX
064726fa-427f-48e8-a40c-676e23cb1a7f,Lycée Bilingue de Makepe,Douala,Littoral,DUPLICATE_REVIEW,PROBABLE,14280747,COLLEGE BILINGUE LAVAL DE MAKEPE,DIGIT_PREFIX
8f24afd1-468b-4d3d-8eb0-7638a7569740,Lycée d'Akwa-Nord Bonamoussadi,Douala,Littoral,DUPLICATE_REVIEW,PROBABLE,14280594,COLLEGE KING AKWA,DIGIT_PREFIX
1b96f6c3-21c6-4c74-86c7-0e054812187e,Lycée Bilingue de Logpom,Douala,Littoral,DUPLICATE_REVIEW,PROBABLE,LT58101H27,LYCEE BILINGUE DE LOGPOM II,ALPHA_PREFIX
039228f9-23d7-4e9c-9402-dfd1a2e7cc89,Lycée Bilingue de Bépanda,Douala,Littoral,DUPLICATE_REVIEW,EXACT_NAME,LT58101H26,LYCEE BILINGUE DE BEPANDA,ALPHA_PREFIX
f0b0cb11-00b0-4834-8483-6618950f14e4,CES de la Cité Sic,Douala,Littoral,ALREADY_LIVE,PROBABLE,CE41358I10,LYCEE DE LA CITE VERTE,ALPHA_PREFIX
d3ca6819-8cff-4465-a0c1-7c1682058cf0,CETIC de Logbessou,Douala,Littoral,DUPLICATE_REVIEW,PROBABLE,14280757,COLLEGE DU SOLEIL DE LOGBESSOU,DIGIT_PREFIX
183bf20c-455c-4f03-b6a0-06da4c713f60,Lycée Bilingue de Manoka,Douala,Littoral,DUPLICATE_REVIEW,EXACT_NAME,LT58102H31,LYCEE BILINGUE DE MANOKA,ALPHA_PREFIX
04408274-1ce0-4891-a8a5-8486eed17427,COLLEGE BILINGUE EXCELLENCE TERCIO,Douala,Littoral,SOURCE_REVIEW,EXACT_NAME,14280613,COLLEGE BILINGUE EXCELLENCE TERCIO,DIGIT_PREFIX
26602a4d-3f48-4f42-8278-a5f50d2923f0,COLLEGE POLYVALENT BILINGUE BAHO,Douala,Littoral,SOURCE_REVIEW,EXACT_NAME,14280770,COLLEGE POLYVALENT BILINGUE BAHO,DIGIT_PREFIX
a5a89856-0b97-4ce7-a5db-dd5aa4f9940f,Lycée d'Emana,Yaoundé,Centre,DUPLICATE_REVIEW,PROBABLE,CE21249C76,CETIC D&#039;EMANA,ALPHA_PREFIX
c17d5a74-9d2e-4a29-a9cf-ef8c6ab597c5,Lycée de Nkolondom,Yaoundé,Centre,DUPLICATE_REVIEW,EXACT_NAME,CE41357I07,LYCEE DE NKOLONDOM,ALPHA_PREFIX
fbe2e19b-6a17-4335-8efa-1accb7c52fc5,Lycée de Mballa II,Yaoundé,Centre,DUPLICATE_REVIEW,EXACT_NAME,CE41357I06,LYCEE DE MBALLA II,ALPHA_PREFIX
e55f4e23-877d-411a-adf8-9cba1ede94c4,Lycée d'Elig-Essono,Yaoundé,Centre,DUPLICATE_REVIEW,PROBABLE,CE21118C69,CETIC D&#039;ELIG - MFOMO,ALPHA_PREFIX
369770b6-38e4-41e8-9947-65b32fab8512,Lycée Bilingue de Nkoleton,Yaoundé,Centre,SOURCE_REVIEW,NO_MATCH,,,
0a3a2e82-e96b-453b-b910-d6340d59cfa1,CES de Nyom,Yaoundé,Centre,DUPLICATE_REVIEW,PROBABLE,11060132,COLLEGE OLIVERAIE DE NYOM,DIGIT_PREFIX
29c8df48-98f4-4229-b6de-4c992be66fa7,Lycée Technique Charles Atangana,Yaoundé,Centre,SOURCE_REVIEW,EXACT_NAME,CE41357L34,LYCEE TECHNIQUE CHARLES ATANGANA,ALPHA_PREFIX
7a0b79dc-3942-442f-aa2d-bd3260ef5389,Lycée Technique de Nsam-Efoulan,Yaoundé,Centre,DUPLICATE_REVIEW,PROBABLE,CE41359I17,LYCEE DE NSAM EFOULAN,ALPHA_PREFIX
644fb51e-0a87-45ed-91b6-098459d85c41,Lycée de la Cité Verte,Yaoundé,Centre,DUPLICATE_REVIEW,EXACT_NAME,CE41358I10,LYCEE DE LA CITE VERTE,ALPHA_PREFIX
d759f137-b331-48a7-b9ff-05dbf9e631bf,Lycée de Tsinga,Yaoundé,Centre,DUPLICATE_REVIEW,EXACT_NAME,CE41358I11,LYCEE DE TSINGA,ALPHA_PREFIX
868ca235-013e-4cf5-b91e-0b3162495004,Lycée Technique de Yaoundé II,Yaoundé,Centre,DUPLICATE_REVIEW,EXACT_NAME,CE41358L36,LYCEE TECHNIQUE DE YAOUNDE II,ALPHA_PREFIX
70a812f8-7b99-4450-bbf0-115ebcd775a1,Lycée de Ngoa-Ekellé,Yaoundé,Centre,DUPLICATE_REVIEW,PROBABLE,CE41359C37,CETIC DE NGOA EKELE,ALPHA_PREFIX
7b95a190-43f6-42c1-8ca2-c9b2c1e5ee79,Lycée Bilingue d'Application,Yaoundé,Centre,DUPLICATE_REVIEW,PROBABLE,CE41359H12,LYCEE BILINGUE D&#039;APPLICATION YAOUNDE,ALPHA_PREFIX
b50c363f-5b39-4ed0-affb-50593e37db83,Lycée de Nsam-Efoulan,Yaoundé,Centre,DUPLICATE_REVIEW,EXACT_NAME,CE41359I17,LYCEE DE NSAM EFOULAN,ALPHA_PREFIX
8585fc29-47e5-48f1-aac4-e1ae2d122515,Lycée de Biyem-Assi,Yaoundé,Centre,DUPLICATE_REVIEW,EXACT_NAME,CE41359I15,LYCEE DE BIYEM-ASSI,ALPHA_PREFIX
c9f8eb0b-eea8-4868-853a-9ee7b6fdae75,Lycée d'Afan Oyoa,Yaoundé,Centre,SOURCE_REVIEW,NO_MATCH,,,
07fb8a3b-97ef-4b43-b0aa-988976020786,Lycée d'Ahala,Yaoundé,Centre,DUPLICATE_REVIEW,PROBABLE,CE41359I14,LYCEE D&#039;AHALA,ALPHA_PREFIX
54877dae-8e1f-4fac-ae25-fd3ffc62e9fd,Lycée Technique Industriel et Commercial Bilingue,Yaoundé,Centre,SOURCE_REVIEW,PROBABLE,CE21325L89,LYCEE TECHNIQUE INDUSTRIEL ET COMMERCIAL DE SA&#039;A,ALPHA_PREFIX
0fb18648-bb11-45c3-a136-341ed2070934,Lycée Technique Bilingue de Nsam-Efoulan,Yaoundé,Centre,DUPLICATE_REVIEW,PROBABLE,CE41359I17,LYCEE DE NSAM EFOULAN,ALPHA_PREFIX
ed845d5a-f589-4182-a44f-012185c3a5c3,Lycée Technique d'Afan Oyoa,Yaoundé,Centre,SOURCE_REVIEW,NO_MATCH,,,
cd173df1-202b-4405-a1d4-bf09e6aea8ed,CETIC de Ngoa-Ekellé,Yaoundé,Centre,DUPLICATE_REVIEW,PROBABLE,CE41359C37,CETIC DE NGOA EKELE,ALPHA_PREFIX
cd5c6bb3-3ff0-40a5-a53d-bb517a6ef582,CETIF de Ngoa Ekelle,Yaoundé,Centre,DUPLICATE_REVIEW,PROBABLE,CE41359C37,CETIC DE NGOA EKELE,ALPHA_PREFIX
b14df660-7538-48b9-a3d8-a2a960b857d8,Lycée Bilingue d'Ekounou,Yaoundé,Centre,DUPLICATE_REVIEW,PROBABLE,11060301,INSTITUT GASOLENT D&#039;EKOUNOU,DIGIT_PREFIX
80725a1d-ba16-4d03-b32a-547b717a2a6d,Lycée Bilingue d'Anguissa,Yaoundé,Centre,DUPLICATE_REVIEW,PROBABLE,CE41360I21,LYCEE D&#039;ANGUISSA,ALPHA_PREFIX
17fb5817-2774-4ad4-aa67-b9d6fced7768,Lycée Bilingue de Mimboman,Yaoundé,Centre,DUPLICATE_REVIEW,EXACT_NAME,CE41360H20,LYCEE BILINGUE DE MIMBOMAN,ALPHA_PREFIX
e71eacf0-d530-47bd-8d40-0e561198ff25,Lycée d'Odza,Yaoundé,Centre,DUPLICATE_REVIEW,PROBABLE,11060283,COMPLEXE SCOLAIRE ADVENTISTE DE ODZA,DIGIT_PREFIX
a0185465-25cc-409a-a672-e963537ec35b,Lycée de Minkan,Yaoundé,Centre,DUPLICATE_REVIEW,EXACT_NAME,CE41360I23,LYCEE DE MINKAN,ALPHA_PREFIX
265a2fb0-37ed-44bd-82f9-1b902cf64682,Lycée Technique d'Ekounou,Yaoundé,Centre,DUPLICATE_REVIEW,PROBABLE,11060301,INSTITUT GASOLENT D&#039;EKOUNOU,DIGIT_PREFIX
34c653cb-bb8a-40de-bff4-9f97be993e5b,Lycée Bilingue d'Essos,Yaoundé,Centre,SOURCE_REVIEW,NO_MATCH,,,
79fd8e28-022b-45ec-8b0e-a8c9a8525454,Lycée de Ngousso-Ngoulmekong,Yaoundé,Centre,DUPLICATE_REVIEW,EXACT_NAME,CE41361I26,LYCEE DE NGOUSSO NGOULMEKONG,ALPHA_PREFIX
64179d48-78a6-48ec-a6e3-fb7ca4492fed,Lycée de Nkolmesseng,Yaoundé,Centre,DUPLICATE_REVIEW,EXACT_NAME,CE41361I27,LYCEE DE NKOLMESSENG,ALPHA_PREFIX
fa1830a2-b09f-4226-aae0-57178be2881b,Lycée Bilingue de Mendong,Yaoundé,Centre,DUPLICATE_REVIEW,EXACT_NAME,CE41362H30,LYCEE BILINGUE DE MENDONG,ALPHA_PREFIX
ff8f8bbf-b030-4f8d-a410-ff316ea101ae,Lycée Bilingue d'Etoug-Ebé,Yaoundé,Centre,DUPLICATE_REVIEW,EXACT_NAME,CE41362H29,LYCEE BILINGUE ETOUG EBE,ALPHA_PREFIX
0a4b6e02-c0ed-48af-885c-f65e99ef3917,Lycée d'Ekorezok,Yaoundé,Centre,DUPLICATE_REVIEW,PROBABLE,CE41363H31,LYCEE BILINGUE D&#039;EKOREZOK,ALPHA_PREFIX
a838f199-6514-4598-b9a2-dacb5041c0fe,Collège Jean Tabi,Yaoundé,Centre,SOURCE_REVIEW,PROBABLE,11130035,COLLEGE JEAN XXIII D&#039;EFOK2,DIGIT_PREFIX
597e6376-f70d-46bf-8db3-1618656f25ab,Collège Bénoit XVI,Yaoundé,Centre,SOURCE_REVIEW,PROBABLE,11130031,CEGTI SAINT BENOIT DE TALA,DIGIT_PREFIX
57c13a2e-9dda-4071-a284-a7e92c17fd7b,Collège Benigna d'Etoudi,Yaoundé,Centre,SOURCE_REVIEW,PROBABLE,11060118,COLLEGE BENIGNA D&#039;ETOUDI,DIGIT_PREFIX
e2d2aea9-1a8a-460a-b824-336000e4ff2f,Collège Notre-Dame de Mimetala,Yaoundé,Centre,SOURCE_REVIEW,EXACT_NAME,11080070,COLLEGE NOTRE DAME DE MIMETALA,DIGIT_PREFIX
364585f3-261c-48d2-a3f8-c685bdf1b274,Collège Benisuza,Yaoundé,Centre,SOURCE_REVIEW,PROBABLE,11060282,COMPLEXE ACADEMIQUE BILINGUE BENISUZA,DIGIT_PREFIX
b31aea1f-d191-4e11-bc99-21ab49892dd1,Collège St Joseph de Messa Mvelé,Yaoundé,Centre,SOURCE_REVIEW,PROBABLE,10020002,COLLEGE BILINGUE SAINT JOSEPH DE BANKIM,DIGIT_PREFIX
09d0f53a-4bc4-4b2a-a6c3-bf795deb7714,Collège Notre-Dame des Victoires,Yaoundé,Centre,SOURCE_REVIEW,EXACT_NAME,11060330,COLLEGE NOTRE DAME DES VICTOIRES,DIGIT_PREFIX
7551ab3a-59fc-4cfd-870f-73e58d037428,Institut René Graffin,Yaoundé,Centre,SOURCE_REVIEW,PROBABLE,11060436,INSTITUT MGR RENE GRAFFIN,DIGIT_PREFIX
8f6415f7-d4f7-48a8-ba8e-3aeb148a1479,CETIF Benigna,Yaoundé,Centre,SOURCE_REVIEW,PROBABLE,11060118,COLLEGE BENIGNA D&#039;ETOUDI,DIGIT_PREFIX
9641eb2e-5bc3-408b-86b2-1f12c38803d5,CETI Jeanne Alegué,Yaoundé,Centre,SOURCE_REVIEW,PROBABLE,11060202,CETI JEANNE ALEGUE MESSI,DIGIT_PREFIX
b4c66003-169b-4f9b-80cf-cbbfca487ad2,CETIG Bénédictin du Mt Febé,Yaoundé,Centre,SOURCE_REVIEW,PROBABLE,11060183,CETIG SACRE-COEUR MOKOLO,DIGIT_PREFIX
a3a8ff52-2214-445e-961f-4f68cbd04ccb,GOPAL BILINGUAL SECONDARY SCHOOL,Yaoundé,Centre,SOURCE_REVIEW,PROBABLE,11060164,GOPAL BILINGUAL INTERNATIONAL COLLEGE,DIGIT_PREFIX
7a48f1e0-5288-430e-8ee4-72cc24ca6454,ACADEMIC COLLEGE OF EXCELLENCE,Yaoundé,Centre,SOURCE_REVIEW,EXACT_NAME,11060110,ACADEMIC COLLEGE OF EXCELLENCE,DIGIT_PREFIX
8adeea6d-52c3-4186-a9cf-788c942ed374,BILIK-CITY BILINGUAL COMPLEX,Yaoundé,Centre,SOURCE_REVIEW,PROBABLE,11060112,BILIK-CITY BILINGUAL COLLEGE,DIGIT_PREFIX
18cfbc19-27e1-46f1-be7e-86dde2aa7f05,COLLEGE BILINGUE PRIVE LAIC WILLIAN BOOTH,Yaoundé,Centre,SOURCE_REVIEW,PROBABLE,11060121,COLLEGE BILINGUE WILLIAM BOOTH,DIGIT_PREFIX
3d9b17ff-165f-4588-a60b-5ac61d013555,COLLEGE BILINGUE SEAT OF WISDOM,Yaoundé,Centre,SOURCE_REVIEW,PROBABLE,19581218,OUR LADY SEAT OF WISDOM COLLEGE FONTEM,DIGIT_PREFIX
d175b046-532f-4397-971f-649df9870626,COLLEGE BILINGUE SIBAFO,Yaoundé,Centre,SOURCE_REVIEW,EXACT_NAME,11060120,COLLEGE BILINGUE SIBAFO,DIGIT_PREFIX
0c7c6bc1-bb03-4bc9-aebe-8961a375617b,COLLEGE FIDO,Yaoundé,Centre,SOURCE_REVIEW,EXACT_NAME,11060127,COLLEGE FIDO,DIGIT_PREFIX
5b57572c-de6b-429b-9c7b-86d06ca86be9,COLLEGE IPLEX EDUCATION,Yaoundé,Centre,SOURCE_REVIEW,PROBABLE,11140109,SILOH SPECIAL EDUCATION AND INCLUSIVE BILINGUAL TEACHER TRAINING INSTITUTE,DIGIT_PREFIX
b5c86685-b04a-4df0-a495-c8dae01f95e0,COLLEGE OLIVERAIE DE NYOM,Yaoundé,Centre,DUPLICATE_REVIEW,EXACT_NAME,11060132,COLLEGE OLIVERAIE DE NYOM,DIGIT_PREFIX
f8da5961-afd3-49f1-bb6b-018df0754271,COLLEGE OMGBA NDONGO,Yaoundé,Centre,DUPLICATE_REVIEW,EXACT_NAME,11060133,COLLEGE OMGBA-NDONGO,DIGIT_PREFIX
ae93f779-c630-4d15-bcb3-e9e05ac9742f,COLLEGE PENIEL,Yaoundé,Centre,SOURCE_REVIEW,EXACT_NAME,11060134,COLLEGE PENIEL,DIGIT_PREFIX
1df14bdc-5bfc-4a27-a141-21162ae6c49d,COLLEGE PRIVE BILINGUE LES PIERRES PRECIEUSES,Yaoundé,Centre,SOURCE_REVIEW,PROBABLE,11060119,COLLEGE BILINGUE LES PIERRES PRECIEUSES,DIGIT_PREFIX
805375b3-eee6-4cd7-bc2b-821482efcd86,COLLEGE PRIVE LAÏC CHARLES MBAKOP,Yaoundé,Centre,SOURCE_REVIEW,PROBABLE,11060123,COLLEGE CHARLES ET THERESE MBAKOP,DIGIT_PREFIX
cb0abbb4-7a6a-43c6-87dc-02af4216816d,COLLEGE PRIVE LAÏC FAPO,Yaoundé,Centre,DUPLICATE_REVIEW,EXACT_NAME,11060136,COLLEGE PRIVE LAIC FAPO,DIGIT_PREFIX
3ab9ad68-123f-4118-8632-a96635b95979,COLLEGE PRIVE LAÏC L'EMERGENCE,Yaoundé,Centre,SOURCE_REVIEW,PROBABLE,11060140,COLLEGE PRIVE LAIC L&#039;EMERGENCE,DIGIT_PREFIX
d48e0d60-6af9-4308-a468-4189698dde6b,COLLEGE PRIVE LAÏC LA FORGE,Yaoundé,Centre,SOURCE_REVIEW,EXACT_NAME,11060137,COLLEGE PRIVE LAIC LA FORGE,DIGIT_PREFIX
5386b0c3-86a4-4d69-9c20-d4c1d118946a,COLLEGE PRIVE LAÏC MARCEL BAYARDON,Yaoundé,Centre,SOURCE_REVIEW,PROBABLE,11060169,INSTITUT BILINGUE MARCEL BAYARDON,DIGIT_PREFIX
d6f37126-a526-415f-ace4-c7aa5b174864,COLLEGE PRIVE LAÏC MVOM-NNAM,Yaoundé,Centre,SOURCE_REVIEW,EXACT_NAME,11060142,COLLEGE PRIVE LAIC MVOM NNAM,DIGIT_PREFIX
46cd8388-0d71-4b7f-93f4-89589c57a4ec,COLLEGE SOCRATE ELANDI,Yaoundé,Centre,SOURCE_REVIEW,EXACT_NAME,11060145,COLLEGE SOCRATE ELANDI,DIGIT_PREFIX
661f12ac-1b75-4386-bd77-e6b84addea61,COMPLEXE SCOLAIRE BILINGUE METENOU,Yaoundé,Centre,SOURCE_REVIEW,EXACT_NAME,11060151,COMPLEXE SCOLAIRE BILINGUE METENOU,DIGIT_PREFIX
f505132b-8cf1-4daa-8471-b690298cb789,COMPLEXE SCOLAIRE ILE EDUCATIVE,Yaoundé,Centre,SOURCE_REVIEW,PROBABLE,11060129,COLLEGE ILE EDUCATIVE,DIGIT_PREFIX
c4ec5341-c19b-4ff3-803f-7cd6dab42a87,"COMPLEXE SCOLAIRE INTERNATIONALE ""LA GAIETE",Yaoundé,Centre,SOURCE_REVIEW,PROBABLE,11060149,COMPLEXE INTERNATIONAL LA GAIETE,DIGIT_PREFIX
7634bcfe-1190-4717-9176-58a791ca0a7f,COMPLEXE SCOLAIRE ORNEL BILINGUAL ACADEMY,Yaoundé,Centre,SOURCE_REVIEW,PROBABLE,11060179,MACMILLAN BILINGUAL ACADEMY,DIGIT_PREFIX
cd401950-dd5e-4489-bdfb-84306b028f7d,CTI-NYOM,Yaoundé,Centre,DUPLICATE_REVIEW,PROBABLE,11060132,COLLEGE OLIVERAIE DE NYOM,DIGIT_PREFIX
f9060410-d218-49cd-91b1-86afc59e802a,FONDATION TSOUNGUI,Yaoundé,Centre,SOURCE_REVIEW,EXACT_NAME,11060162,FONDATION TSOUNGUI,DIGIT_PREFIX
6a949ee2-dac9-47cf-b9c0-fd4713976f9d,INSTITUT BILINGUE D'ETOUDI,Yaoundé,Centre,SOURCE_REVIEW,PROBABLE,11060115,CHRISTIAN COMPREHENSIVE SECONDARY SCHOOL-ETOUDI,DIGIT_PREFIX
632fab45-b9b6-4e26-8428-5250c2653dcb,INSTITUT BILINGUE TOUMWA (IBT),Yaoundé,Centre,SOURCE_REVIEW,PROBABLE,11060170,INSTITUT BILINGUE TOUMWA,DIGIT_PREFIX
ad534f58-52f6-4f02-bcf1-b8aaa59cf372,INSTITUT BLAISE PASCAL,Yaoundé,Centre,SOURCE_REVIEW,EXACT_NAME,11060171,INSTITUT BLAISE PASCAL,DIGIT_PREFIX
fd6168df-d484-44d5-8d41-e35340beffe9,INSTITUT MATAMFEN,Yaoundé,Centre,SOURCE_REVIEW,EXACT_NAME,11060172,INSTITUT MATAMFEN,DIGIT_PREFIX
471946a4-3053-43e7-ae85-0b8078e41e2d,INSTITUT MODERNE MBASSI,Yaoundé,Centre,DUPLICATE_REVIEW,EXACT_NAME,11060173,INSTITUT MODERNE MBASSI,DIGIT_PREFIX
fd93be9c-aee6-449c-9338-d8cc0dae53c6,INSTITUT POLYVALENT JUNIOR,Yaoundé,Centre,SOURCE_REVIEW,PROBABLE,11060174,INSTITUT POLYVALENT JUNIOR DE YAOUNDE,DIGIT_PREFIX
2afd2b41-596d-44b5-ad3c-53264e43cdac,INSTITUT PRIVE LAÏC DE DEVELOPPEMENT INDUSTRIEL ET COMMERCIAL (ISDIC),Yaoundé,Centre,SOURCE_REVIEW,PROBABLE,CE21325L89,LYCEE TECHNIQUE INDUSTRIEL ET COMMERCIAL DE SA&#039;A,ALPHA_PREFIX
3b5d047f-7cd7-4104-8218-b4c9b88694c4,COLLEGE DE L'UNITE,Yaoundé,Centre,SOURCE_REVIEW,PROBABLE,11060125,COLLEGE D&#039;ENSEIGNEMENT TECHNIQUE ET GENERAL DE L&#039;UNITE,DIGIT_PREFIX
38f52a0b-44cb-4fd3-8d81-355a0ab9c024,COLLEGE TECHNIQUE INDUSTRIEL,Yaoundé,Centre,SOURCE_REVIEW,PROBABLE,CE21325L89,LYCEE TECHNIQUE INDUSTRIEL ET COMMERCIAL DE SA&#039;A,ALPHA_PREFIX
12048d04-0ac5-43d8-92ee-9b4606422255,CETI BENIGNA,Yaoundé,Centre,SOURCE_REVIEW,PROBABLE,11060118,COLLEGE BENIGNA D&#039;ETOUDI,DIGIT_PREFIX
f07b4e2a-f266-4564-973b-c2f7e740221b,COLLEGE PRIVE LAIC FAPO,Yaoundé,Centre,DUPLICATE_REVIEW,EXACT_NAME,11060136,COLLEGE PRIVE LAIC FAPO,DIGIT_PREFIX
ac5cb5af-55aa-4f16-bbe4-062501eda37d,COLLEGE PRIVE LAIC INSTITUT JEAN BODY ZIBI,Yaoundé,Centre,SOURCE_REVIEW,PROBABLE,11060195,INSTITUT JEAN BODY ZIBI,DIGIT_PREFIX
8c616a3e-f716-49fd-a19b-3531d93c4b0f,BODIO BILINGUAL COMPLEX,Yaoundé,Centre,SOURCE_REVIEW,EXACT_NAME,11060318,BODIO BILINGUAL COMPLEX,DIGIT_PREFIX
d5a7bcd2-cec7-4dab-b571-9ebd2bdd9bf4,CAMEROON SCHOOL OF EXCELLENCE,Yaoundé,Centre,SOURCE_REVIEW,EXACT_NAME,11060319,CAMEROON SCHOOL OF EXCELLENCE,DIGIT_PREFIX
bb185b53-452b-49d8-b923-7f306e4de49e,COLLEGE BILINGUE GOLDEN INSTITUTE,Yaoundé,Centre,SOURCE_REVIEW,PROBABLE,11060354,ENIEG GOLDEN,DIGIT_PREFIX
fd8cfb17-b56d-448d-a8bd-a3fde9475a9b,COLLEGE FADIMATOU HADJA,Yaoundé,Centre,DUPLICATE_REVIEW,EXACT_NAME,11060326,COLLEGE FADIMATOU HADJA,DIGIT_PREFIX
6173603e-1639-4ce4-b143-f9adee4519af,COLLEGE FOCHE,Yaoundé,Centre,SOURCE_REVIEW,EXACT_NAME,11060327,COLLEGE FOCHE,DIGIT_PREFIX
1c5f0895-33a5-491d-9f0a-64c1c40a244d,COLLEGE LA DIGNITE,Yaoundé,Centre,SOURCE_REVIEW,EXACT_NAME,11060325,COLLEGE DE LA DIGNITE,DIGIT_PREFIX
6cb2ead2-e4aa-4fdf-9a41-8ce67f2a6434,COLLEGE MATHIEU ET CLAIRE,Yaoundé,Centre,SOURCE_REVIEW,EXACT_NAME,11060329,COLLEGE MATHIEU ET CLAIRE,DIGIT_PREFIX
c4851730-c721-47cb-a1ac-2377c4628af5,COLLEGE POLYVALENT SAINT AUGUSTIN,Yaoundé,Centre,SOURCE_REVIEW,EXACT_NAME,11060334,COLLEGE POLYVALENT SAINT AUGUSTIN,DIGIT_PREFIX
8e335efa-807c-497d-b89d-347a07cc6ee9,COLLEGE PRIVE DU SUCCES,Yaoundé,Centre,SOURCE_REVIEW,PROBABLE,11060307,INSTITUT POLYVALENT DU SUCCES,DIGIT_PREFIX
80dd9363-42cf-4ffa-9bc0-d7a492daf676,COLLEGE PRIVE LAIC DE L'ESPERANCE,Yaoundé,Centre,SOURCE_REVIEW,PROBABLE,11090026,COURS DU SOIR DE L&#039;ESPERANCE PIERRE OVONO,DIGIT_PREFIX
9e30b614-8b57-4156-890d-294479712f13,COLLEGE PRIVE LAÏC DJA'ANKEU,Yaoundé,Centre,SOURCE_REVIEW,PROBABLE,11060331,COLLEGE PLB DJA&#039;ANKEU,DIGIT_PREFIX
bd941dbe-3efe-4720-889d-a001f83c3544,COLLEGE PRIVE LAIC LAROUSSE,Yaoundé,Centre,SOURCE_REVIEW,PROBABLE,11060322,COLL PRIVE LAIC LAROUSSE,DIGIT_PREFIX
7e4ba5ec-7b29-494b-95e1-0969917f8eb4,"COLLEGE PRIVE LAÏC LE ""FANION""",Yaoundé,Centre,SOURCE_REVIEW,EXACT_NAME,11060341,COLLEGE PRIVE LAIC LE FANION,DIGIT_PREFIX
2e9b534c-4348-4bb5-92aa-8b4e0173bc5d,COLLEGE PRIVE LAIC LES CHANTERELLES,Yaoundé,Centre,SOURCE_REVIEW,PROBABLE,11060324,COLLEGE BILINGUE LAIC LES CHANTERELLES,DIGIT_PREFIX
8a97521e-04eb-46b8-83b4-70f241cbca1e,COLLEGE PRIVE LAIC LES LILAS,Yaoundé,Centre,SOURCE_REVIEW,PROBABLE,11060321,COLEGE PRIVE LAIC LES LILAS,DIGIT_PREFIX
56090dea-274f-4e8e-9c63-62d6977e8060,COLLEGE PRIVE LAÏC MONTESQUIEU,Yaoundé,Centre,SOURCE_REVIEW,PROBABLE,11060344,COLLEGE PRIVE MONTESQUIEU,DIGIT_PREFIX
220335c1-f4c6-4fde-ad8d-b8c13967c3df,COLLEGE PRIVE LAÏC SAINT-EXUPERY,Yaoundé,Centre,SOURCE_REVIEW,PROBABLE,11060345,COLLEGE SAINT EXUPERY,DIGIT_PREFIX
dc2be60c-964c-48ab-9df4-af337b0fdaf0,COLLEGE PRIVE LAIC TOUSSAINT ANTOINE,Yaoundé,Centre,SOURCE_REVIEW,PROBABLE,11060346,COLLEGE TOUSSAINT ANTOINE,DIGIT_PREFIX
63d5a339-ed0e-4f76-badd-01e922b7cd86,COLLEGE PRIVE MONGO BETI,Yaoundé,Centre,SOURCE_REVIEW,PROBABLE,11060342,COLLEGE PRIVE LAIC MONGO BETI,DIGIT_PREFIX
352c817f-8b7c-4b6d-b754-30119404a62b,COURS DU SOIR FADIMATOU HADJA,Yaoundé,Centre,SOURCE_REVIEW,PROBABLE,10010003,COURS DU SOIR BILINGUE LA PROVIDENCE,DIGIT_PREFIX
435f8936-87d2-4adb-a6b7-efe2e5a12c84,INSTITUT DE LA REFERENCE,Yaoundé,Centre,SOURCE_REVIEW,EXACT_NAME,11060358,INSTITUT DE LA REFERENCE,DIGIT_PREFIX
59d95502-2f5f-4b9d-84ad-e9aebc507210,INSTITUT PRIVE LAÏC ESSOMBA,Yaoundé,Centre,DUPLICATE_REVIEW,PROBABLE,11060272,COLLEGE PRIVE LAIC ATANGANA ESSOMBA,DIGIT_PREFIX
c93d248a-ecb1-4c06-a8e2-8c92563c162b,INSTITUT PRIVE LAÏC MBEUKAM,Yaoundé,Centre,SOURCE_REVIEW,EXACT_NAME,11060361,INSTITUT PRIVE LAIC MBEUKAM,DIGIT_PREFIX
31da4bb0-eab2-4965-9be3-db9918b2c058,INSTITUT PRIVE LAÏC SIANTOU,Yaoundé,Centre,SOURCE_REVIEW,PROBABLE,11060297,ENIEG SIANTOU,DIGIT_PREFIX
97cffb99-32b8-4115-8e37-c20ba1c2da42,INSTITUT SAMBA,Yaoundé,Centre,SOURCE_REVIEW,PROBABLE,11060871,INSTITUT SAMBA SECONDAIRE,DIGIT_PREFIX
290c61b6-3acf-4082-9fd7-5e539e657842,NOTRE DAME DE LA BONNE SEMENCE,Yaoundé,Centre,SOURCE_REVIEW,PROBABLE,11061102,COLLEGE BILINGUE NOTRE DAME DE LA BONNE SEMENCE,DIGIT_PREFIX
38493dd7-c95a-4010-833d-5c6e7d7c8f4a,ROBEN MEMORIAL EDUCATIONAL COMPLEX,Yaoundé,Centre,SOURCE_REVIEW,PROBABLE,11080094,ASEC INTERNATIONAL COMPLEX NKOZOA,DIGIT_PREFIX
f09a235b-0a2e-41d4-9e38-ee2722beaa75,COLLÈGE FADIMATOU HADJA,Yaoundé,Centre,DUPLICATE_REVIEW,EXACT_NAME,11060326,COLLEGE FADIMATOU HADJA,DIGIT_PREFIX
d81141ee-4962-4eef-ae53-46fdc3281cae,INSTITUT PRIVE LAIC ESSOMBA,Yaoundé,Centre,DUPLICATE_REVIEW,PROBABLE,11060272,COLLEGE PRIVE LAIC ATANGANA ESSOMBA,DIGIT_PREFIX
c65852ca-944b-4467-9b49-3c70f3c483da,COLLEGE D'ENSEIGNEMENT TECHNIQUE INDUSTRIEL FEMININ,Yaoundé,Centre,SOURCE_REVIEW,PROBABLE,11120066,COLLEGE D&#039;ENSEIGNEMENT GENERAL ET AGRICOLE JEAN ZOA (TALBA),DIGIT_PREFIX
4396fc55-1b99-4b0f-b599-62bed83be8ad,COLLEGE PRIVE LAIC DE L'ESPERANCE (COPES),Yaoundé,Centre,SOURCE_REVIEW,PROBABLE,11090026,COURS DU SOIR DE L&#039;ESPERANCE PIERRE OVONO,DIGIT_PREFIX
4016d84a-e507-48b5-b175-03ffbe1ff58e,COLLEGE PRIVE LAIC GOLDEN INSTITUTE,Yaoundé,Centre,SOURCE_REVIEW,PROBABLE,11060354,ENIEG GOLDEN,DIGIT_PREFIX
31339da2-7153-4a71-bc64-dea496e18925,COLLEGE PRIVE LAIC LA DIGNITE,Yaoundé,Centre,SOURCE_REVIEW,PROBABLE,11060325,COLLEGE DE LA DIGNITE,DIGIT_PREFIX
983387a0-2431-4442-9dd4-4f0f15e842e5,CETI NOTRE DAME DES VICTOIRES,Yaoundé,Centre,SOURCE_REVIEW,PROBABLE,11150062,CETIF NOTRE-DAME DE SOMO,DIGIT_PREFIX
e8b8392e-8f79-403a-843e-ccf622ffc64f,CITY BILINGUAL ACADEMY,Yaoundé,Centre,SOURCE_REVIEW,EXACT_NAME,11060366,CITY BILINGUAL ACADEMY,DIGIT_PREFIX
fa1a9337-9f2c-4aa6-8d68-a6f2e1c90056,COLLEGE B. OLIVE,Yaoundé,Centre,SOURCE_REVIEW,EXACT_NAME,11060249,COLLEGE B. OLIVE,DIGIT_PREFIX
891b0d6a-fdc1-434d-af96-c74883ad63f0,COLLEGE BILINGUE LES OISILLONS,Yaoundé,Centre,SOURCE_REVIEW,EXACT_NAME,11060371,COLLEGE BILINGUE LES OISILLONS,DIGIT_PREFIX
8b762796-54af-4ea9-8c0a-323e13e999a6,COLLEGE DE LA RENOVATION,Yaoundé,Centre,SOURCE_REVIEW,EXACT_NAME,11060237,COLLEGE DE LA RENOVATION,DIGIT_PREFIX
dfc38288-a48b-452e-83e5-8eacc18df237,COLLEGE DES SCIENCES ET TECHNIQUES INDUSTRIELLES,Yaoundé,Centre,SOURCE_REVIEW,EXACT_NAME,11060375,COLLEGE DES SCIENCES ET TECHNIQUES INDUSTRIELLES,DIGIT_PREFIX
9d8e1c58-ecc8-4ef0-b5d8-ec129bd81fdf,COLLEGE EBANDA,Yaoundé,Centre,SOURCE_REVIEW,EXACT_NAME,11060377,COLLEGE EBANDA,DIGIT_PREFIX
227e7f9c-3c50-486d-964b-9528e77fe0e2,COLLEGE FUSEE (FONDATION UNIVERSELLE STELLA ENGAMA),Yaoundé,Centre,SOURCE_REVIEW,PROBABLE,11130041,FONDATION LE BON SAMARITAIN,DIGIT_PREFIX
46359034-07c6-439b-a9c1-0b7042a12021,COLLEGE JULES FERRY,Yaoundé,Centre,SOURCE_REVIEW,EXACT_NAME,11060379,COLLEGE JULES FERRY,DIGIT_PREFIX
eb245bf6-2bac-40c4-833e-20276b8ca1f8,COLLEGE MARKESSO,Yaoundé,Centre,SOURCE_REVIEW,PROBABLE,11060872,COMPLEXE SCOLAIRE BILINGUE MARKESSO,DIGIT_PREFIX
fe9e01da-849b-48b5-aee3-0546db9304ee,COLLEGE POLYVALENT BILINGUE LES AIGLONS,Yaoundé,Centre,SOURCE_REVIEW,EXACT_NAME,11060382,COLLEGE POLYVALENT BILINGUE LES AIGLONS,DIGIT_PREFIX
548ce6ae-4e6f-4cb3-a8b6-0ee8007560ef,COLLEGE POLYVALENT LA MUTUELLE COMMUNAUTAIRE DE DEVELOPPEMENT,Yaoundé,Centre,SOURCE_REVIEW,PROBABLE,11060383,COLLEGE POLYVALENT LA MUTUELLE COMMUNAUTAIRE DE DEVELOPPEMENT (MCD),DIGIT_PREFIX
dff6d930-c68b-425b-be66-4b37a18166ce,COLLEGE PRIVE LAÏC DU SAVOIR,Yaoundé,Centre,DUPLICATE_REVIEW,PROBABLE,11060376,COLLEGE DU SAVOIR,DIGIT_PREFIX
f32994d7-9046-4eae-9671-f69d0113c20d,COLLEGE PRIVE LAIC FLEMING,Yaoundé,Centre,SOURCE_REVIEW,EXACT_NAME,11060387,COLLEGE PRIVE LAIC FLEMING,DIGIT_PREFIX
b6a6fd16-5c6f-4e89-b326-3f01fb91e720,COLLEGE PRIVE LAIC JEAN JAURES,Yaoundé,Centre,SOURCE_REVIEW,EXACT_NAME,11060388,COLLEGE PRIVE LAIC JEAN JAURES,DIGIT_PREFIX
ec9ab585-fe88-4132-91c3-098539a20cee,COLLEGE PRIVE LAIC LA FONTAINE,Yaoundé,Centre,SOURCE_REVIEW,EXACT_NAME,11060389,COLLEGE PRIVE LAIC LA FONTAINE,DIGIT_PREFIX
dc9c37aa-c323-4058-97b1-0098487dd6a9,COLLEGE PRIVE LAIC LES CHAMPS DU LYS,Yaoundé,Centre,SOURCE_REVIEW,PROBABLE,11060380,COLLEGE LE CHAMPS DES LYS,DIGIT_PREFIX
c5d8621a-06d6-48a2-a134-4088e2126e52,COLLEGE PRIVE LAÏC MOKALA,Yaoundé,Centre,SOURCE_REVIEW,PROBABLE,11060372,COLLEGE BILINGUE MOKALA,DIGIT_PREFIX
6df69f6f-4512-4d4d-b50e-d9927b86b377,COLLEGE PRIVE LAIC NOTRE DAME DES BEATITUDES,Yaoundé,Centre,SOURCE_REVIEW,PROBABLE,11060381,COLLEGE NOTRE DAME DES BEATITUDES,DIGIT_PREFIX
bbd9efe2-f799-429a-8218-4314cc39f1d6,COLLEGE PRIVE LAIC SIGMUND FREUD,Yaoundé,Centre,SOURCE_REVIEW,EXACT_NAME,11060861,COLLEGE PRIVE LAÏC SIGMUND FREUD,DIGIT_PREFIX
c9966b05-3b73-4512-ac29-3147e86f691b,COLLEGE PRIVE MODERNE DE L'ESPERANCE,Yaoundé,Centre,DUPLICATE_REVIEW,PROBABLE,11090026,COURS DU SOIR DE L&#039;ESPERANCE PIERRE OVONO,DIGIT_PREFIX
fe4f2620-5a40-4410-b0f3-26192664d458,COMPLEXE SCOLAIRE PRIVE LAÏC BILINGUE EMMAÜS (COSBIE),Yaoundé,Centre,SOURCE_REVIEW,PROBABLE,11060392,COMPLEXE SCOLAIRE BILINGUE EMMAUS (COSBIE),DIGIT_PREFIX
7c96626f-ad38-439a-ac94-b0bc6831b483,FRANKY SECONDARY SCHOOL,Yaoundé,Centre,SOURCE_REVIEW,PROBABLE,11060404,FRANKY COMPREHENSIVE SECONDARY SCHOOL,DIGIT_PREFIX
f35d5bbf-7b23-4d44-8b70-91ca4df61633,GROUPE SCOLAIRE LES PIGEONS,Yaoundé,Centre,SOURCE_REVIEW,PROBABLE,11060368,COLLE GE PRIVE LAIC LES PIGEONS,DIGIT_PREFIX
46b04650-3eb8-4ff7-b4d1-5ebfb0120a62,HOLY INFANT HIGH SCHOOL YAOUNDE,Yaoundé,Centre,DUPLICATE_REVIEW,PROBABLE,11080081,HOLY CROSS INTERNATIONAL COLLEGE,DIGIT_PREFIX
297787ec-8eb0-4982-a495-c891469236a6,INSTITUT BAUDELAIRE BILINGUE,Yaoundé,Centre,SOURCE_REVIEW,EXACT_NAME,11060408,INSTITUT BAUDELAIRE BILINGUE,DIGIT_PREFIX
de418e92-f152-4540-837f-df11cd38378a,INSTITUT DES TECHNIQUES INDUSTRIELLES D'ETOUG-EBE,Yaoundé,Centre,DUPLICATE_REVIEW,PROBABLE,11060364,ASEC FOUNDATION SECONDARY SCHOOL ETOUG - EBE,DIGIT_PREFIX
c0b28ce4-f1b2-4781-b595-ac78db9236db,INSTITUT POLYVALENT NIBERT (IPONI),Yaoundé,Centre,SOURCE_REVIEW,EXACT_NAME,11060410,INSTITUT POLYVALENT NIBERT (IPONI),DIGIT_PREFIX
2ae17700-fbcb-44b0-b053-f3096cc1d8e4,ISEIG ENSEIGNEMENTS SECONDAIRES,Yaoundé,Centre,SOURCE_REVIEW,PROBABLE,11060435,INSTITUT DES TECHNIQUES DES SCIENCES ET DES ENSEIGNEMENTS,DIGIT_PREFIX
54d99542-6288-40b9-b7ea-364204f94974,KAD-NDAP BILINGUAL SECONDARY SCHOOL,Yaoundé,Centre,SOURCE_REVIEW,EXACT_NAME,11060412,KAD-NDAP BILINGUAL SECONDARY SCHOOL,DIGIT_PREFIX
e603dd24-7c44-43fe-9922-cf506ce4533e,"MARIO ACADEMIC COMPLEX, MENDONG",Yaoundé,Centre,DUPLICATE_REVIEW,EXACT_NAME,11060413,MARIO ACADEMIC COMPLEX MENDONG,DIGIT_PREFIX
c8795802-b903-4723-9459-d419284f2e4e,MEVICK BILINGUAL GRAMMAR SCHOOL ETOUG-EBE,Yaoundé,Centre,DUPLICATE_REVIEW,PROBABLE,11060364,ASEC FOUNDATION SECONDARY SCHOOL ETOUG - EBE,DIGIT_PREFIX
8c280508-34cc-4fde-8891-417087218fc6,NATIONAL EDUCATION SERVICE COLLEGE OF ARTS AND SCIENCES(NESCA),Yaoundé,Centre,SOURCE_REVIEW,PROBABLE,11060414,NATIONAL EDUCATIONAL SERVICE COLLEGE OF ARTS AND SCIENCE,DIGIT_PREFIX
22dc5585-e6dc-4f81-89ca-601997c918bc,OXFORD HIGH SCHOOL,Yaoundé,Centre,SOURCE_REVIEW,EXACT_NAME,11060415,OXFORD HIGH SCHOOL,DIGIT_PREFIX
184c98bc-3ea6-4735-afc6-a70ea1ba3f6e,COLLEGE PRIVE LAIC DU SAVOIR,Yaoundé,Centre,DUPLICATE_REVIEW,PROBABLE,11060376,COLLEGE DU SAVOIR,DIGIT_PREFIX
65881361-780d-40f6-89b3-05bab7704ce3,BILINGUAL AFRICAN COLLEGE OF TECHNIQUES (BACT),Yaoundé,Centre,SOURCE_REVIEW,PROBABLE,16390946,AFRICAN PIONEER COLLEGE TEZE,DIGIT_PREFIX
19ffdcfa-8fe4-48d5-a603-c24457f4ec1e,COLLEGE PRIVE LAIC INSTITUT BILINGUE BAUDELAIRE (IBB),Yaoundé,Centre,SOURCE_REVIEW,PROBABLE,11060408,INSTITUT BAUDELAIRE BILINGUE,DIGIT_PREFIX
2b20383b-400c-441a-8b18-4bb50a3c6ff8,COMPLEXE SCOLAIRE ADVENTISTE D'ODZA,Yaoundé,Centre,DUPLICATE_REVIEW,EXACT_NAME,11060283,COMPLEXE SCOLAIRE ADVENTISTE DE ODZA,DIGIT_PREFIX
69caa37b-5c5f-4f09-a02b-ca738de17522,GROUPE SCOLAIRE PRIVE LAIC DJONOU,Yaoundé,Centre,SOURCE_REVIEW,PROBABLE,11060374,COLLEGE D&#039;ENSEIGNEMENT TECHNIQUE DJONOU,DIGIT_PREFIX
efecd56c-b7ff-480d-a8d8-02ce814893fd,NSTITUT TECHNIQUE INDUSTRIEL D'ETOUG EBE (I.T.I.E),Yaoundé,Centre,DUPLICATE_REVIEW,PROBABLE,11060364,ASEC FOUNDATION SECONDARY SCHOOL ETOUG - EBE,DIGIT_PREFIX
b3e5ce83-5e3b-400c-bc8d-faf1106feb42,CHUO BILINGUAL COMPREHENSIVE COLLEGE (CBCC),Yaoundé,Centre,SOURCE_REVIEW,PROBABLE,11060185,CHUO BILINGUAL COMPREHENSIVE COLLEGE,DIGIT_PREFIX
fa75c5bb-ff5b-4a01-b622-591d300829be,"COLLEGE ""LES COCCINELLES""",Yaoundé,Centre,SOURCE_REVIEW,PROBABLE,11060191,COLLEGE SCOLAIRE INTERNATIONAL LES COCCINELLES,DIGIT_PREFIX
a83f65ef-f92f-4ae1-b6e0-5e2d2d54474b,COLLEGE BILINGUE BETHELEHEM LEGRAND,Yaoundé,Centre,SOURCE_REVIEW,PROBABLE,11060186,COLLEGE BILINGUE BETHLEHEM LEGRAND,DIGIT_PREFIX
6c0185fb-1eef-460e-9787-3b928b14a36e,COLLEGE BILINGUE LINCOLN,Yaoundé,Centre,SOURCE_REVIEW,EXACT_NAME,11060187,COLLEGE BILINGUE LINCOLN,DIGIT_PREFIX
fd596179-a025-4cff-b79c-f93dd8bc6334,COLLEGE ELOHIM,Yaoundé,Centre,SOURCE_REVIEW,EXACT_NAME,11060188,COLLEGE ELOHIM,DIGIT_PREFIX
8f4dca37-726e-4afd-ae82-5f570644a2fc,COLLEGE PRIVE LAÏC LA GRACE,Yaoundé,Centre,SOURCE_REVIEW,EXACT_NAME,11060189,COLLEGE PRIVE LAIC LA GRACE,DIGIT_PREFIX
18999583-579f-4ffb-a00e-4bb7843f8be1,COLLEGE ROSA PARKS,Yaoundé,Centre,SOURCE_REVIEW,EXACT_NAME,11060190,COLLEGE ROSA PARKS,DIGIT_PREFIX
4752d4b8-2ede-48ff-a5c2-06e20a390b85,INSTITUT BILINGUE MICHELANN,Yaoundé,Centre,SOURCE_REVIEW,PROBABLE,11060197,INTITUT BILINGUE MICHELANN,DIGIT_PREFIX
e7343738-6d3f-473c-a1b0-87580332259d,INSTITUT JEAN BODY ZIBI,Yaoundé,Centre,SOURCE_REVIEW,EXACT_NAME,11060195,INSTITUT JEAN BODY ZIBI,DIGIT_PREFIX
849715f6-8cb6-4463-9e82-94d33b77be6a,INSTITUT NOTRE DAME DE LA PAIX,Yaoundé,Centre,SOURCE_REVIEW,EXACT_NAME,11060196,INSTITUT NOTRE DAME DE LA PAIX,DIGIT_PREFIX
4b989000-59d7-42a8-96f6-74f656d8302e,COLLEGE DIDEROT,Yaoundé,Centre,SOURCE_REVIEW,EXACT_NAME,11060208,COLLEGE DIDEROT,DIGIT_PREFIX
20c68fb7-03cd-4447-9c6d-1121ecf886a8,COLLEGE LA GRACE TCHETGNA,Yaoundé,Centre,SOURCE_REVIEW,PROBABLE,10040012,GRACE COMPREHENSIVE BILINGUAL HIGH SCHOOL NGAOUNDERE,DIGIT_PREFIX
345f3f2a-c7c6-4084-a8f3-989656de2d0c,COLLEGE LES FUTURS BOSS,Yaoundé,Centre,SOURCE_REVIEW,EXACT_NAME,11060210,COLLEGE LES FUTURS BOSS,DIGIT_PREFIX
39fd08c9-a2ec-4efc-8fe1-f83a48cac271,COLLEGE PRIVE LAÏC ATANGANA FOUDA ALBERT,Yaoundé,Centre,SOURCE_REVIEW,PROBABLE,11060213,COLLEGE PRIVE ATANGANA FOUDA ALBERT l&#039;ENSEIGNANT,DIGIT_PREFIX
da103290-5b1a-4bd6-b048-c6adc2583eb6,"COLLEGE PRIVE LAÏC BILINGUE ""LES BAMBIS""",Yaoundé,Centre,SOURCE_REVIEW,EXACT_NAME,11060214,COLLEGE PRIVE LAIC BILINGUE LES BAMBIS,DIGIT_PREFIX
80567603-9d1d-4d3d-8d46-ebdfcfb3c468,COLLEGE PRIVE LAIC LA COLOMBE,Yaoundé,Centre,SOURCE_REVIEW,PROBABLE,11060216,COLLEGE PRIVEE LAIC LA COLOMBE,DIGIT_PREFIX
1c7f3668-ff45-4da5-b173-712f57ded3db,COLLEGE PRIVE LAIC LES SAPINS,Yaoundé,Centre,SOURCE_REVIEW,EXACT_NAME,11060215,COLLEGE PRIVE LAIC LES SAPINS,DIGIT_PREFIX
51543d3f-f778-4d26-bece-56b8c916df3d,COMPLEXE SCOLAIRE EVANGELIQUE DE PENTECOTE,Yaoundé,Centre,SOURCE_REVIEW,EXACT_NAME,11060217,COMPLEXE SCOLAIRE EVANGELIQUE DE PENTECOTE,DIGIT_PREFIX
1d4e43ce-54b6-426c-aebc-4dd9077f7b71,ENGLISH HIGH SCHOOL (E H S) YAOUNDÉ,Yaoundé,Centre,DUPLICATE_REVIEW,PROBABLE,11060219,ENGLISH HIGH SCHOOL (EHS) YAOUNDE,DIGIT_PREFIX
8da4158b-d712-4d69-8ac6-bd1fc5bc89d0,FONDATION SCOLAIRE AA,Yaoundé,Centre,SOURCE_REVIEW,EXACT_NAME,11060230,FONDATION SCOLAIRE AA,DIGIT_PREFIX
2eaff3fb-6492-4fa6-8a03-68104043cedb,FRAZATI BILINGUAL COLLEGE,Yaoundé,Centre,SOURCE_REVIEW,EXACT_NAME,11060231,FRAZATI BILINGUAL COLLEGE,DIGIT_PREFIX
4f86224f-6c19-41a1-91c0-a218fc3bc48e,INSTITUT PASCAL,Yaoundé,Centre,SOURCE_REVIEW,EXACT_NAME,11060233,INSTITUT PASCAL,DIGIT_PREFIX
ac9f78ff-89f3-4cdf-9ae1-49b2cb91023d,INSTITUT POLYVALENT BILINGUE DES NATIONS,Yaoundé,Centre,SOURCE_REVIEW,EXACT_NAME,11060236,INSTITUT POLYVALENT BILINGUE DES NATIONS,DIGIT_PREFIX
ec8c08b8-709d-40b4-b891-536a352965dc,INSTITUT POLYVALENT DE LA RENOVATION PEDAGOGIQUE,Yaoundé,Centre,SOURCE_REVIEW,EXACT_NAME,11060367,INSTITUT POLYVALENT DE LA RENOVATION PEDAGOGIQUE,DIGIT_PREFIX
8733d5b1-a6f4-4961-ae93-cc08145319ea,INSTITUT VICTOR HUGO,Yaoundé,Centre,SOURCE_REVIEW,EXACT_NAME,11060238,INSTITUT VICTOR HUGO,DIGIT_PREFIX
4f7f669e-561e-4fad-b059-ddd7fa75e9e6,WECARE SECONDARY SCHOOL,Yaoundé,Centre,SOURCE_REVIEW,EXACT_NAME,11060243,WECARE SECONDARY SCHOOL,DIGIT_PREFIX
428c7a73-0361-4a1c-ad12-3c2eb036d325,INSTITUT PRIVE LAIC PAUL MOMO,Yaoundé,Centre,SOURCE_REVIEW,PROBABLE,11060227,ENIET PAUL MOMO,DIGIT_PREFIX
f3277775-e891-43a2-aebd-acdef2d51139,COLLEGE PRIVE DIDEROT,Yaoundé,Centre,SOURCE_REVIEW,PROBABLE,11060208,COLLEGE DIDEROT,DIGIT_PREFIX
edccffa8-b25c-4b53-86eb-8c28b1156cee,INSTITUT PRIVE LAIC POLYVALENT RENOVATION PEDAGOGIQUE,Yaoundé,Centre,SOURCE_REVIEW,PROBABLE,11060166,INSTITUT NATIONAL PRIVE DE FORMATION PEDAGOGIQUE,DIGIT_PREFIX
81c07c58-3f3b-4e1f-94c1-d462e39879e6,INSTITUT PRIVE LAIC POLYVALENT BILINGUE DES NATIONS,Yaoundé,Centre,SOURCE_REVIEW,PROBABLE,11080071,COLLEGE BILINGUE ALL NATIONS SCHOOLS,DIGIT_PREFIX
0079e29c-163a-4f85-b509-5e5ec22a522a,AMASIA MAHAMAIN BILINGUAL SECONDARY SCHOOL,Yaoundé,Centre,SOURCE_REVIEW,PROBABLE,11060250,COLLEGE BILINGUE AMASIA MAHANAIM,DIGIT_PREFIX
80359441-b27d-4b47-99de-ae717c2c1d6d,"COLLEGE ANGLO-SAXON ""PI AND JU PLUS",Yaoundé,Centre,SOURCE_REVIEW,PROBABLE,11060180,NIL INTERNATIONAL ANGLO-SAXON COLLEGE,DIGIT_PREFIX
d40ca96f-9a30-45af-8f33-f887cbdf67b8,COLLEGE BILINGUE JEUNESSE LUMIERE,Yaoundé,Centre,SOURCE_REVIEW,EXACT_NAME,11060253,COLLEGE BILINGUE JEUNESSE-LUMIERE,DIGIT_PREFIX
586458ce-d8a2-4187-aae5-66d106ffaaa3,COLLEGE BILINGUE LES ANGES,Yaoundé,Centre,SOURCE_REVIEW,EXACT_NAME,11060254,COLLEGE BILINGUE LES ANGES,DIGIT_PREFIX
7bcfba36-b85f-42c9-9aa0-3097fd298e95,COLLEGE BILINGUE SHAKESPEARE,Yaoundé,Centre,SOURCE_REVIEW,EXACT_NAME,11060259,COLLEGE BILINGUE SHAKESPEARE,DIGIT_PREFIX
902d7dba-bb77-45bb-b119-ecfa538c3620,COLLEGE BILINGUE YONDO,Yaoundé,Centre,SOURCE_REVIEW,EXACT_NAME,11060260,COLLEGE BILINGUE YONDO,DIGIT_PREFIX
7671897a-7802-4b23-aef1-bed372a01239,COLLEGE BRAUNSCHWEIG (COLBRA),Yaoundé,Centre,SOURCE_REVIEW,PROBABLE,11060261,COLLEGE BRAUNSCHWEIG,DIGIT_PREFIX
b5954d99-2fcd-49ea-afd4-03a2f608b52a,COLLEGE DE LA MEFOU,Yaoundé,Centre,SOURCE_REVIEW,PROBABLE,11060138,COLLEGE PRIVE LAIC LA MEFOU,DIGIT_PREFIX
bd41179c-d5c8-4406-971b-be33ea3fbb6f,COLLEGE FRANTZ FANON,Yaoundé,Centre,SOURCE_REVIEW,PROBABLE,11080085,COLLEGE FRANTZ FANON LE MAJESTUEUX,DIGIT_PREFIX
4338dcb3-e32b-48e2-9988-a10de8b86dd1,COLLEGE MAISON DOLA,Yaoundé,Centre,SOURCE_REVIEW,PROBABLE,11060255,COLLEGE BILINGUE MAISON DOLA,DIGIT_PREFIX
17fee469-6890-4db2-8d30-52c5ace6116a,COLLEGE POLYVALENT LES LAUREATS,Yaoundé,Centre,SOURCE_REVIEW,EXACT_NAME,11060265,COLLEGE POLYVALENT LES LAUREATS,DIGIT_PREFIX
dec117b7-e851-49a9-b240-f09cfd318908,COLLEGE POLYVALENT PERE MATTHIEU,Yaoundé,Centre,SOURCE_REVIEW,EXACT_NAME,11060268,COLLEGE POLYVALENT PERE MATTHIEU,DIGIT_PREFIX
861c2a3e-dc85-4ac1-8f78-681378ef2801,COLLEGE POLYVALENT SAINT PIERRE,Yaoundé,Centre,SOURCE_REVIEW,EXACT_NAME,11060269,COLLEGE POLYVALENT SAINT PIERRE,DIGIT_PREFIX
0178ee83-9fe5-4f98-a9bb-40003f4880d1,COLLEGE PRIVE BILINGUE LES MIGNONS,Yaoundé,Centre,SOURCE_REVIEW,PROBABLE,11060288,CPL BILINGUE LES MIGNONS,DIGIT_PREFIX
882e1de3-1585-4d13-9dbd-fa5446a2fb7e,COLLEGE PRIVE ELOUNDOU MARGUERITE,Yaoundé,Centre,SOURCE_REVIEW,PROBABLE,11060386,COLLEGE PRIVE LAIC ELOUNDOU MARGUERITE,DIGIT_PREFIX
4d924a96-2952-4046-9a79-539a20aae423,COLLEGE PRIVE JARDIN D'EDEN,Yaoundé,Centre,SOURCE_REVIEW,PROBABLE,11060278,COLLEGE PRIVEE LAIC JARDIN D&#039;EDEN,DIGIT_PREFIX
1dfcf4ce-7f71-4658-920e-7f3d8d61ffee,COLLEGE PRIVE LAIC ATANGANA ESSOMBA,Yaoundé,Centre,SOURCE_REVIEW,EXACT_NAME,11060272,COLLEGE PRIVE LAIC ATANGANA ESSOMBA,DIGIT_PREFIX
65a5ddf9-ca55-4165-ba35-c50d2cbf41bb,COLLEGE PRIVE LAÏC DOLTA,Yaoundé,Centre,DUPLICATE_REVIEW,EXACT_NAME,11060274,COLLEGE PRIVE LAIC DOLTA,DIGIT_PREFIX
e2634b89-1f8e-4a3f-96ec-abc3c666fff2,COLLEGE PRIVE LAÏC EFFA GASTON (COPLEG),Yaoundé,Centre,SOURCE_REVIEW,PROBABLE,11060275,COLLEGE PRIVE LAIC EFFA GASTON,DIGIT_PREFIX
92b02867-e5ba-4ae7-8fa9-362f012c6610,COLLEGE PRIVE LAÏC LES PHARAONS,Yaoundé,Centre,SOURCE_REVIEW,EXACT_NAME,11060276,COLLEGE PRIVE LAIC LES PHARAONS,DIGIT_PREFIX
cdb0c9f7-940e-452a-ac61-0a73eae318c1,COLLEGE PRIVE LAIC MONT-VALERIEN,Yaoundé,Centre,DUPLICATE_REVIEW,PROBABLE,11060266,COLLEGE POLYVALENT BILINGUE MONT VALERIEN,DIGIT_PREFIX
e8de5d53-5e95-4940-a6c7-91bd15497649,COLLEGE PRIVE LAÏC SAINT JOSEPH DE MIMBOMAN,Yaoundé,Centre,DUPLICATE_REVIEW,PROBABLE,10020002,COLLEGE BILINGUE SAINT JOSEPH DE BANKIM,DIGIT_PREFIX
6f0a2fa0-2309-4ac3-807b-b4a018aa6f84,COLLEGE PRIVE MADELEINE,Yaoundé,Centre,SOURCE_REVIEW,EXACT_NAME,11060277,COLLEGE PRIVE MADELEINE,DIGIT_PREFIX
eddf5b93-6998-494c-8605-0cf355251464,COMPLEXE SCOLAIRE EEKO DE L'ESPOIR,Yaoundé,Centre,SOURCE_REVIEW,PROBABLE,11060285,COMPLEXE SCOLAIRE EEKO DE L&#039;ESPOIR,DIGIT_PREFIX
339015db-9ebe-4dcb-b3f9-ecaf35a847d1,COMPLEXE SCOLAIRE L'EXCELLENCE,Yaoundé,Centre,SOURCE_REVIEW,PROBABLE,10040008,COURS DU SOIR ADAM EXCELLENCE,DIGIT_PREFIX
27b93a4c-3be8-434c-93b4-25919966cde8,"COMPLEXE SCOLAIRE LES ""AS"" DE MVAN",Yaoundé,Centre,SOURCE_REVIEW,EXACT_NAME,11060394,COMPLEXE SCOLAIRE LES AS DE MVAN,DIGIT_PREFIX
68e1972d-9afa-496f-a950-38c94bcc7f7d,"COURS DU SOIR ""LE PROGRES SOCIAL""",Yaoundé,Centre,SOURCE_REVIEW,PROBABLE,10010003,COURS DU SOIR BILINGUE LA PROVIDENCE,DIGIT_PREFIX
bf4d29ca-4641-4004-a913-66d067fbaaa1,COURS DU SOIR ACADEMIA,Yaoundé,Centre,SOURCE_REVIEW,PROBABLE,11060287,COUR DU SOIR ACADEMIA,DIGIT_PREFIX
b2ab5725-506c-4e29-bfc3-16d039f16afe,INSTITUT BILINGUE LA CONFIANCE,Yaoundé,Centre,SOURCE_REVIEW,EXACT_NAME,11060299,INSTITUT BILINGUE LA CONFIANCE,DIGIT_PREFIX
575d5b39-ec23-4155-8a2c-43cc90d1e183,INSTITUT CENTRAL INSTIC,Yaoundé,Centre,SOURCE_REVIEW,PROBABLE,11061211,INSTITUT PRIVE LAIC CENTRAL,DIGIT_PREFIX
c9f87cc1-e086-49e8-adf6-d4fdc8188c24,INSTITUT FOTSO,Yaoundé,Centre,SOURCE_REVIEW,EXACT_NAME,11060300,INSTITUT FOTSO,DIGIT_PREFIX
5a0517f1-7d0a-493a-b453-4647dc9e66ba,INSTITUT GAZOLENT D'EKOUNOU,Yaoundé,Centre,DUPLICATE_REVIEW,PROBABLE,11060301,INSTITUT GASOLENT D&#039;EKOUNOU,DIGIT_PREFIX
0dd94fb2-76eb-4730-ba53-b4064f58aaa9,INSTITUT JEAN BOCCHI,Yaoundé,Centre,SOURCE_REVIEW,EXACT_NAME,11060303,INSTITUT JEAN BOCCHI,DIGIT_PREFIX
9f31f4bc-6a8d-4ec0-b4f8-c0e342c18f73,INSTITUT MBE,Yaoundé,Centre,SOURCE_REVIEW,EXACT_NAME,11060304,INSTITUT MBE,DIGIT_PREFIX
ee5dd1ed-65c8-4f9d-b083-56f7c8435e88,INSTITUT PETOU,Yaoundé,Centre,SOURCE_REVIEW,PROBABLE,11060643,INSTITUT BILINGUE PETOU,DIGIT_PREFIX
48c58a3f-ca13-414d-a8e8-989014664a67,INSTITUT POLYVALENT DU SUCCES,Yaoundé,Centre,SOURCE_REVIEW,EXACT_NAME,11060307,INSTITUT POLYVALENT DU SUCCES,DIGIT_PREFIX
5c8dac5e-9568-4ec5-a55d-e5c106ac8309,INSTITUT POLYVALENT LA METHODE,Yaoundé,Centre,SOURCE_REVIEW,EXACT_NAME,11060308,INSTITUT POLYVALENT LA METHODE,DIGIT_PREFIX
84343bb7-a2a5-4303-87d2-4bb989091ab6,INSTITUT POLYVALENT(BILINGUE) CECILE ET GABRIEL DIPITO,Yaoundé,Centre,SOURCE_REVIEW,EXACT_NAME,11060306,INSTITUT POLYVALENT BILINGUE CECILE ET GABRIEL DIPITO,DIGIT_PREFIX
b00bd65c-a306-4a0b-81b7-5c418aab445b,INSTITUT PRIVE LAIC ZANG MEBENGA,Yaoundé,Centre,SOURCE_REVIEW,EXACT_NAME,11060309,INSTITUT PRIVE LAIC ZANG MEBENGA,DIGIT_PREFIX
7df68ae0-b020-4616-b2be-a1e3879e4101,INSTITUT RENE PHILOMBE,Yaoundé,Centre,SOURCE_REVIEW,EXACT_NAME,11060310,INSTITUT RENE PHILOMBE,DIGIT_PREFIX
fdb65238-b2fc-4075-a235-028578884e8f,INSTITUT TAGA,Yaoundé,Centre,SOURCE_REVIEW,EXACT_NAME,11060176,INSTITUT TAGA,DIGIT_PREFIX
f7280799-f163-4aed-882e-d1e06c5e6d11,INSTITUT PRIVE LAIC MBE,Yaoundé,Centre,SOURCE_REVIEW,NO_MATCH,,,
4f0a51eb-815c-474b-9493-0e16ec781c93,COLLEGE PRIVE LAIC DOLTA,Yaoundé,Centre,DUPLICATE_REVIEW,EXACT_NAME,11060274,COLLEGE PRIVE LAIC DOLTA,DIGIT_PREFIX
8350f743-fa6c-4769-b8bd-1c91ca2a5919,INSTITUT PRIVE LAIC CENTRAL (INSTIC),Yaoundé,Centre,SOURCE_REVIEW,PROBABLE,11061211,INSTITUT PRIVE LAIC CENTRAL,DIGIT_PREFIX
edba71d6-31c5-4914-8490-3fd6043ffbca,COURS DU SOIR ADVENTISTE D'ODZA,Yaoundé,Centre,DUPLICATE_REVIEW,PROBABLE,11090025,COLLEGE ADVENTISTE NANGA EBOKO,DIGIT_PREFIX
62b096dd-bf96-40c6-94cf-1d5af0a2a706,INSTITUT GAZOLENT,Yaoundé,Centre,SOURCE_REVIEW,NO_MATCH,,,
ddc41f8e-13ad-4744-bf19-1e30b647722b,COLLEGE PRIVE LAIC FRANTZ,Yaoundé,Centre,SOURCE_REVIEW,PROBABLE,11080085,COLLEGE FRANTZ FANON LE MAJESTUEUX,DIGIT_PREFIX
d5de9c38-6c12-47b5-8971-b35c409f53ab,CETI JEANNE ALEGUE MESSI,Yaoundé,Centre,SOURCE_REVIEW,EXACT_NAME,11060202,CETI JEANNE ALEGUE MESSI,DIGIT_PREFIX
f8012fbd-3d8f-452e-a5e8-bed358466494,INSTITUT SIANTOU,Yaoundé,Centre,SOURCE_REVIEW,PROBABLE,11060297,ENIEG SIANTOU,DIGIT_PREFIX
c775bf6a-fdca-464c-914d-c211833d30c6,COLLEGE PRIVE LAIC DU MONT VALERIEN,Yaoundé,Centre,DUPLICATE_REVIEW,PROBABLE,11060266,COLLEGE POLYVALENT BILINGUE MONT VALERIEN,DIGIT_PREFIX
0595f5d5-ae3d-4ff7-8cf1-99283b94e02e,COLLEGE PRIVE LAIC COMPLEXE BILINGUE YONDO,Yaoundé,Centre,SOURCE_REVIEW,PROBABLE,11060260,COLLEGE BILINGUE YONDO,DIGIT_PREFIX
e5f81eb8-0528-4ad5-a43e-631724e1104e,COLLEGE BILINGUE LES AGNEAUX,Yaoundé,Centre,SOURCE_REVIEW,EXACT_NAME,11060421,COLLEGE BILINGUE LES AGNEAUX,DIGIT_PREFIX
607717e1-cea8-4a86-9521-079bd9ea4865,COLLEGE DE LA PAIX,Yaoundé,Centre,SOURCE_REVIEW,EXACT_NAME,11060422,COLLEGE DE LA PAIX,DIGIT_PREFIX
cef708f0-f3ed-407f-8a5b-c45c293222cd,COLLEGE KIATABALA,Yaoundé,Centre,SOURCE_REVIEW,PROBABLE,11060420,COLLEGE BILINGUE KIATABALA,DIGIT_PREFIX
79be3726-4fe8-45ab-ad92-6e2f6fc972e4,COLLEGE LE SAMARITAIN-YAOUNDE,Yaoundé,Centre,DUPLICATE_REVIEW,EXACT_NAME,11060423,COLLEGE LE SAMARITAIN YAOUNDE,DIGIT_PREFIX
8f9c73a6-5fa4-4233-bdc5-8e34ceb61b00,COLLEGE POLYVALENT LA PERLE PLUS,Yaoundé,Centre,SOURCE_REVIEW,EXACT_NAME,11061065,COLLEGE POLYVALENT LA PERLE PLUS,DIGIT_PREFIX
8a115e6e-006a-46df-ba10-4290d1c2602e,"COLLEGE PRIVE LAÏC ""EXCELLENCE PLUS"" DE YAOUNDE",Yaoundé,Centre,DUPLICATE_REVIEW,PROBABLE,10040008,COURS DU SOIR ADAM EXCELLENCE,DIGIT_PREFIX
ac520461-ca61-4052-bdcc-726b3174450b,COLLEGE PRIVE LAIC XAVIER EBOMO,Yaoundé,Centre,SOURCE_REVIEW,EXACT_NAME,11060425,COLLEGE PRIVE LAIC XAVIER EBOMO,DIGIT_PREFIX
ef9ee312-c438-40af-8062-7ae219f1fb3e,COLLEGE VENUS,Yaoundé,Centre,SOURCE_REVIEW,EXACT_NAME,11060428,COLLEGE VENUS,DIGIT_PREFIX
5bbf3ea1-923d-4257-82d4-6aed699322a6,COMPLEXE SCOLAIRE THECLA,Yaoundé,Centre,SOURCE_REVIEW,EXACT_NAME,11060429,COMPLEXE SCOLAIRE THECLA,DIGIT_PREFIX
e3dce4a5-ab81-4572-b080-bbd08ae81602,COMPLEXE SCOLAIRE YONA,Yaoundé,Centre,SOURCE_REVIEW,EXACT_NAME,11060430,COMPLEXE SCOLAIRE YONA,DIGIT_PREFIX
35a002d1-e2f6-4a52-b380-7ec427c83731,INSTITUT PRIVE LAÏC POUSSI,Yaoundé,Centre,SOURCE_REVIEW,PROBABLE,11060437,INSTITUT POUSSI,DIGIT_PREFIX
faa5f035-f362-4e67-a2f4-35b00f0bb214,"INSTITUT PRIVE LAÏC PRIVE ""LE JOURDAIN""",Yaoundé,Centre,SOURCE_REVIEW,PROBABLE,11060438,INSTITUT PRIVE LAIC LE JOURDAIN,DIGIT_PREFIX
b497e0b5-6370-410b-82a7-6fbd3371cf6b,INSTITUT MGR RENE GRAFFIN,Yaoundé,Centre,SOURCE_REVIEW,EXACT_NAME,11060436,INSTITUT MGR RENE GRAFFIN,DIGIT_PREFIX
951f6dba-1ebe-4014-a8f6-dc208a8801b8,COLLEGE PRIVE LAIC TECHNIQUE STELLA MARIS,Yaoundé,Centre,SOURCE_REVIEW,PROBABLE,11060427,COLLEGE STELLA-MARIS,DIGIT_PREFIX
94f09f83-40dd-4bf0-ac22-c32af8106641,COLLEGE D'ENSEIGNEMENT TECHNIQUE EKANI EYENGA,Yaoundé,Centre,SOURCE_REVIEW,PROBABLE,11060419,CETI EKANI EYENGA,DIGIT_PREFIX
c5cf4065-e729-4adc-9d1c-197411b9ef08,INSTITUT LE JOURDAIN BP:25545 YDE,Yaoundé,Centre,SOURCE_REVIEW,PROBABLE,11060438,INSTITUT PRIVE LAIC LE JOURDAIN,DIGIT_PREFIX
b3cc4cb1-c6ef-4b7c-a5b8-ec7321460215,St. Francis College Fiango Kumba,Kumba,Sud-Ouest,DUPLICATE_REVIEW,EXACT_NAME,19531197,ST FRANCIS COLLEGE FIANGO KUMBA,DIGIT_PREFIX
7fe36fb7-3e91-4144-9e9b-e94e7ca8fefa,Victory Comprehensive College Kumba,Kumba,Sud-Ouest,DUPLICATE_REVIEW,EXACT_NAME,19531189,VICTORY COMPREHENSIVE COLLEGE KUMBA,DIGIT_PREFIX
8a512614-2449-487f-97a0-d5672e663fa0,Collège Bilingue de l'Orient de Bertoua,Bertoua,Est,DUPLICATE_REVIEW,PROBABLE,12180477,COLLEGE ADVENTISTE BILINGUE DE BERTOUA,DIGIT_PREFIX