official_id,name,reason,existing_match,review_action
5CE1GSFD110541109,Lyce de LEMBE-YEZOUM,not_approved,,(aucune)
5CH1GSFD110137113,Lyce de MBANDJOCK,not_approved,,(aucune)
5CJ1GSFD101886104,CES d'OUASSA-BAMVELE,not_approved,,(aucune)
5CJ1GSBD112195111,Lyce Bilingue de NANGA-EBOKO,not_approved,,(aucune)
5CK1GSFD111673096,Lyce de NKOTENG,not_approved,,(aucune)
5EH1GSFD110860112,Lyce de KOKODO,not_approved,,(aucune)
5EL1GSFD102849115,CES de NKOLMELEN,duplicate_unresolved,,(aucune)
5EM1GSFD100792109,CES de VOA II,not_approved,,(aucune)
5HE1GSFD100850111,CES de BOKAGA II,not_approved,,(aucune)
5IE1GSBD111981106,Lyce Bilingue de NGAMBE-TIKAR,not_approved,,(aucune)
5LH1GSFD111715052,Lyce GENERAL LECLERC,duplicate_unresolved,,(aucune)
5LI1GSFD112295089,Lyce d'ANGUISSA,not_approved,,(aucune)
5LJ1GSBD110162077,Lyce Bilingue de YAOUNDE,duplicate_unresolved,,(aucune)
5LK1GSBD111628110,Lyce Bilingue de MENDONG,not_approved,,(aucune)
5LL1GSFD112162098,Lyce Classique de NKOLBISSON,duplicate_unresolved,,(aucune)
5NC1GSFD101262108,CES de ZALOM,not_approved,,(aucune)
5QH1GSFD110348111,Lyce de MBALMAYO-RURAL,not_approved,,(aucune)
7IC1GSBD110036092,Lyce Bilingue de DEIDO,duplicate_unresolved,,(aucune)
7IC1GSFD110287091,Lyce d'AKWA,not_approved,,(aucune)
7IE1GSBD110300109,Lyce Bilingue de NEW-BELL,duplicate_unresolved,,(aucune)
7IH1GSFD110305090,Lyce d'OYACK,not_approved,,(aucune)
7IJ1GSFD112004091,Lyce d'AKWA-NORD,not_approved,,(aucune)
4CC1GSBD111704099,Lyce Bilingue de BABADJOU,duplicate_unresolved,,(aucune)
4CC1GSBD111789112,Lyce Bilingue de BACHUA,duplicate_unresolved,,(aucune)
4CC1GSBD111800108,Lyce Bilingue de ZAVION,duplicate_unresolved,,(aucune)
4CC1GSFD111793110,Lyce de BAMENDJINGHA,duplicate_unresolved,,(aucune)
4CE1GSBD112003114,Lyce Bilingue de BANGANG,duplicate_unresolved,,(aucune)
4CE1GSBD111591114,Lyce Bilingue de BATCHAM,duplicate_unresolved,,(aucune)
4CE1GSFD111823111,Lyce de BABEKOUO,duplicate_unresolved,,(aucune)
4CE1GSFD111619110,Lyce de BALEGHANG,duplicate_unresolved,,(aucune)
4CE1GSFD111621107,Lyce de BAMBI-BATCHAM,duplicate_unresolved,,(aucune)
4CE1GSFD111777107,Lyce de BAMETIM,duplicate_unresolved,,(aucune)
4CE1GSFD111811110,Lyce de BAMOUGONG,duplicate_unresolved,,(aucune)
4CE1GSFD111802108,Lyce de BANGWANG,duplicate_unresolved,,(aucune)
4CE1GSFD111605112,Lyce de BATCHUETIO,duplicate_unresolved,,(aucune)
4CE1GSFD111137113,Lyce de BATSINTSUE,duplicate_unresolved,,(aucune)
4CE1GSFD111594109,Lyce de NZINDONG,duplicate_unresolved,,(aucune)
4CE1GSFD111611112,Lyce de TSINTSUET,duplicate_unresolved,,(aucune)
4CH1GSFD100511111,CES de MENFOUNG,duplicate_unresolved,,(aucune)
4CH1GSBD111853112,Lyce Bilingue de GALIM,duplicate_unresolved,,(aucune)
4CH1GSBD110524111,Lyce Bilingue de KIENEGHANG,duplicate_unresolved,,(aucune)
4CH1GSFD110670109,Lyce de BAGAM,duplicate_unresolved,,(aucune)
4CH1GSFD110563112,Lyce de BAMENYAM,duplicate_unresolved,,(aucune)
4CH1GSFD111697110,Lyce de BATI,duplicate_unresolved,,(aucune)
4CI1GSBD111211114,Lyce Bilingue de BALATCHI,duplicate_unresolved,,(aucune)
4CI1GSBD111329110,Lyce Bilingue de BAMESSO,duplicate_unresolved,,(aucune)
4CI1GSBD112030097,Lyce Bilingue de MBOUDA,duplicate_unresolved,,(aucune)
4CI1GSBD110658107,Lyce Bilingue de MBOUDA-BANOCK,duplicate_unresolved,,(aucune)
4CI1GSBD111930115,Lyce Bilingue de MBOUDA-RURAL,duplicate_unresolved,,(aucune)
4CI1GSFD110663109,Lyce de BABETE,duplicate_unresolved,,(aucune)
4CI1GSFD110612109,Lyce de BAMENKOMBO,duplicate_unresolved,,(aucune)
4CI1GSFD111798107,Lyce de MBOUGONG,duplicate_unresolved,,(aucune)
4EC1GSBD101500100,CES Bilingue de BANKONDJI,duplicate_unresolved,,(aucune)
4EC1GSFD111246111,Lyce de BABOUTCHA-NINTCHEU,duplicate_unresolved,,(aucune)
4EC1GSFD111813109,Lyce de BABOUTCHEU-NGALEU,duplicate_unresolved,,(aucune)
4EE1GSFD102352113,CES de FOPOUANGA,duplicate_unresolved,,(aucune)
4EE1GSBD111688113,Lyce Bilingue de BAKOU,duplicate_unresolved,,(aucune)
4EH1GSBD102145112,CES Bilingue de BADOUMBASSA,duplicate_unresolved,,(aucune)
4EH1GSFD101797103,CES de BAKASSA,duplicate_unresolved,,(aucune)
4EH1GSFD101775109,CES de BATCHA,duplicate_unresolved,,(aucune)
4EH1GSFD111810095,Lyce de BANA,duplicate_unresolved,,(aucune)
4EI1GSBD100085102,CES Bilingue de BANDJA-RURAL,duplicate_unresolved,,(aucune)
4EI1GSFD101778110,CES de BASSEU,duplicate_unresolved,,(aucune)
4EI1GSFD100533098,CES de FONDANTI,duplicate_unresolved,,(aucune)
4EI1GSBD110528114,Lyce Bilingue de BABOUANTOU,duplicate_unresolved,,(aucune)
4EI1GSBD110484112,Lyce Bilingue de BANDJA,duplicate_unresolved,,(aucune)
4EI1GSFD111801108,Lyce de FONDJOMEKWET,duplicate_unresolved,,(aucune)
4EI1GSFD111791106,Lyce de FOTOUNI,duplicate_unresolved,,(aucune)
4EJ1GSFD101995092,CES de BANFEKO,duplicate_unresolved,,(aucune)
4EJ1GSFD110086076,Lyce Classique de BAFANG,duplicate_unresolved,,(aucune)
4EJ1GSFD110354109,Lyce de BABOATE,duplicate_unresolved,,(aucune)
4EJ1GSFD110499113,Lyce de MANILA-BANKA,duplicate_unresolved,,(aucune)
4EK1GSBD101806112,CES Bilingue de FOMESSA,duplicate_unresolved,,(aucune)
4EK1GSBD110329114,Lyce Bilingue de BANWA,duplicate_unresolved,,(aucune)
4EK1GSBD101949110,Lyce Bilingue de MOUMEE-MARCHE,duplicate_unresolved,,(aucune)
4EL1GSBD110395113,Lyce Bilingue de BAMENGUI,duplicate_unresolved,,(aucune)
4EL1GSBD110380110,Lyce Bilingue de FONKOUA-NKEM,duplicate_unresolved,,(aucune)
4EL1GSBD100320110,Lyce Bilingue de KEKEM,duplicate_unresolved,,(aucune)
4EL1GSBD110218107,Lyce Bilingue de MBOEBO,duplicate_unresolved,,(aucune)
4EL1GSFD112224090,Lyce de KEKEM,duplicate_unresolved,,(aucune)
4HC1GSBD112221106,Lyce Bilingue de BAHAM,duplicate_unresolved,,(aucune)
4HC1GSBD110854115,Lyce Bilingue de CHENGNE,duplicate_unresolved,,(aucune)
4HC1GSFD111837107,Lyce de MEDJO,duplicate_unresolved,,(aucune)
4HC1GSFD110530110,Lyce de POUMZE,duplicate_unresolved,,(aucune)
4HE1GSBD100099110,CES Bilingue de BATOUNTA,duplicate_unresolved,,(aucune)
4HE1GSFD102816115,CES de BAMESSING-LATSIT,duplicate_unresolved,,(aucune)
4HE1GSFD111080107,Lyce Bilingue de BAMEKA,duplicate_unresolved,,(aucune)
4HE1GSBD110092113,Lyce Bilingue de BAMENDJOU,duplicate_unresolved,,(aucune)
4HE1GSFD110794105,Lyce de BAHOUAN,duplicate_unresolved,,(aucune)
4HE1GSFD110509111,Lyce de BATCHOUM,duplicate_unresolved,,(aucune)
4HE1GSFD110536112,Lyce de TCHIKANG,duplicate_unresolved,,(aucune)
4HH1GSFD100642108,CES de BALAMBO,duplicate_unresolved,,(aucune)
4HH1GSFD100812108,CES de TAMDJO,duplicate_unresolved,,(aucune)
4HH1GSBD110084113,Lyce Bilingue de BANGOU,duplicate_unresolved,,(aucune)
4HH1GSFD110525113,Lyce de BALOUMGOU,duplicate_unresolved,,(aucune)
4HH1GSFD110370107,Lyce de BANDENKOP,duplicate_unresolved,,(aucune)
4HH1GSFD111857102,Lyce de BAPA,duplicate_unresolved,,(aucune)
4HI1GSFD100504110,CES de BALIG,duplicate_unresolved,,(aucune)
4HI1GSFD100786111,CES de BAMETCHETCHA,duplicate_unresolved,,(aucune)
4HI1GSFD111971098,Lyce de BATIE,duplicate_unresolved,,(aucune)
4IC1GSFD111774098,Lyce Bilingue de BAYANGAM,duplicate_unresolved,,(aucune)
4IC1GSFD110376109,Lyce de BATOUFAM,duplicate_unresolved,,(aucune)
4IC1GSFD110384111,Lyce de KASSAP,duplicate_unresolved,,(aucune)
4IE1GSFD111955099,Lyce de FAMTUM,duplicate_unresolved,,(aucune)
4IH1GSBD110443112,Lyce Bilingue de FAMLENG,duplicate_unresolved,,(aucune)
4IH1GSBD112209100,Lyce Bilingue de YOM III,duplicate_unresolved,,(aucune)
4IH1GSFD111325091,Lyce de BANDJOUN,duplicate_unresolved,,(aucune)
4IH1GSFD112237109,Lyce de HA,duplicate_unresolved,,(aucune)
4IH1GSFD110088114,Lyce de MBO-YOM,duplicate_unresolved,,(aucune)
4IH1GSFD111785107,Lyce de TSELA,duplicate_unresolved,,(aucune)
4JC1GSFD102417112,CES de FOTETSA,duplicate_unresolved,,(aucune)
4JC1GSBD111904103,Lyce Bilingue de DSCHANG,duplicate_unresolved,,(aucune)
4JC1GSBD110486115,Lyce Bilingue de FOSSONG-WENTCHENG,duplicate_unresolved,,(aucune)
4JC1GSBD110013114,Lyce Bilingue de TOULA-NDZONG,duplicate_unresolved,,(aucune)
4JC1GSFD110846111,Lyce Bilingue de ZENMEH,duplicate_unresolved,,(aucune)
4JC1GSFD111976074,Lyce Classique de DSCHANG,duplicate_unresolved,,(aucune)
4JC1GSFD110851110,Lyce d'ATOCHI,duplicate_unresolved,,(aucune)
4JC1GSFD112229111,Lyce de FONAKEUKEU,duplicate_unresolved,,(aucune)
4JC1GSFD110058105,Lyce de FONGO-NDENG,duplicate_unresolved,,(aucune)
4JC1GSFD111943105,Lyce de FOTO-LIVOUNLI,duplicate_unresolved,,(aucune)
4JC1GSFD110952111,Lyce de LINGANG-FOTO,duplicate_unresolved,,(aucune)
4JC1GSFD111085113,Lyce de LITIEU,duplicate_unresolved,,(aucune)
4JC1GSFD111302111,Lyce de MAKONG I,duplicate_unresolved,,(aucune)
4JE1GSFD100883109,CES de FOMOPEA,duplicate_unresolved,,(aucune)
4JE1GSBD112073114,Lyce Bilingue de FOKOUE,duplicate_unresolved,,(aucune)
4JE1GSFD110057111,Lyce de FONTSA-TOUALA,duplicate_unresolved,,(aucune)
4JH1GSBD102426110,CES Bilingue de FOSSONG-ELLELEM,duplicate_unresolved,,(aucune)
4JH1GSBD100721110,CES Bilingue de NDENTO,duplicate_unresolved,,(aucune)
4JH1GSFD102058108,CES de LATCHOUET,duplicate_unresolved,,(aucune)
4JH1GSFD100056109,CES de MEGUEU,duplicate_unresolved,,(aucune)
4JH1GSBD110705114,Lyce Bilingue d'APOUH,duplicate_unresolved,,(aucune)
4JH1GSFD110068113,Lyce de DJEU,duplicate_unresolved,,(aucune)
4JH1GSFD110680099,Lyce de FONGO-TONGO,duplicate_unresolved,,(aucune)
4JI1GSBD100506111,CES Bilingue de BAFOU,duplicate_unresolved,,(aucune)
4JI1GSFD102353113,CES de TCHOUTSI-NZINTCHUET,duplicate_unresolved,,(aucune)
4JI1GSBD111161111,Lyce Bilingue de BALEVENG,duplicate_unresolved,,(aucune)
4JI1GSBD111967108,Lyce Bilingue de BANZA,duplicate_unresolved,,(aucune)
4JI1GSBD110621113,Lyce Bilingue de LATSUET-TSINMELIEU,duplicate_unresolved,,(aucune)
4JI1GSBD110639108,Lyce Bilingue de NDZIIH,duplicate_unresolved,,(aucune)
4JI1GSFD110079095,Lyce de BAFOU,duplicate_unresolved,,(aucune)
4JI1GSFD110061106,Lyce de BAFOU-SUD,duplicate_unresolved,,(aucune)
4JI1GSFD110653114,Lyce de BATSING'LA,duplicate_unresolved,,(aucune)
4JJ1GSBD100942112,CES Bilingue de SUELAH,duplicate_unresolved,,(aucune)
4JJ1GSFD100928109,CES de BAMENDOU-BALEFOCK,duplicate_unresolved,,(aucune)
4JJ1GSFD100900107,CES de BAMETSAM,duplicate_unresolved,,(aucune)
4JJ1GSFD110916112,Lyce Bilingue de BAKASSA-BANSOA,duplicate_unresolved,,(aucune)
4JJ1GSBD110060106,Lyce Bilingue de BALOUM,duplicate_unresolved,,(aucune)
4JJ1GSBD110907112,Lyce Bilingue de NGOUANG,duplicate_unresolved,,(aucune)
4JJ1GSBD111187109,Lyce Bilingue de PENKA-MICHEL,duplicate_unresolved,,(aucune)
4JJ1GSFD111927107,Lyce de BALESSING,duplicate_unresolved,,(aucune)
4JJ1GSFD111962108,Lyce de BAMBI-PENKA-MICHEL,duplicate_unresolved,,(aucune)
4JJ1GSFD110067105,Lyce de BAMENDOU,duplicate_unresolved,,(aucune)
4JJ1GSFD111922106,Lyce de BANSOA-MBRI,duplicate_unresolved,,(aucune)
4JJ1GSFD110493109,Lyce de KOAGOH,duplicate_unresolved,,(aucune)
4JJ1GSFD110358110,Lyce de TOUOKENG,duplicate_unresolved,,(aucune)
4JK1GSFD101311111,CES de BALE,duplicate_unresolved,,(aucune)
4JK1GSFD101912110,CES de FONGUETAFOU,duplicate_unresolved,,(aucune)
4JK1GSBD110059115,Lyce Bilingue de FOMBAP,duplicate_unresolved,,(aucune)
4JK1GSBD110469107,Lyce Bilingue de FONDONERA,duplicate_unresolved,,(aucune)
4JK1GSBD110497111,Lyce Bilingue de NGWATTA,duplicate_unresolved,,(aucune)
4JK1GSBD111908092,Lyce Bilingue de SANTCHOU,duplicate_unresolved,,(aucune)
4KC1GSBD112469091,Lyce Bilingue de BAFOUSSAM,duplicate_unresolved,,(aucune)
4KC1GSBD110081115,Lyce Bilingue de BAFOUSSAM-NDIENGDAM,duplicate_unresolved,,(aucune)
4KC1GSFD112471069,Lyce Classique de BAFOUSSAM,duplicate_unresolved,,(aucune)
4KC1GSFD112392106,Lyce de BATOUKOP,duplicate_unresolved,,(aucune)
4KE1GSFD101322111,CES de SINTE-BALENG,duplicate_unresolved,,(aucune)
4KE1GSBD112400100,Lyce Bilingue de BALENG,duplicate_unresolved,,(aucune)
4KE1GSFD110495106,Lyce Bilingue de TOUGANG II,duplicate_unresolved,,(aucune)
4KE1GSFD110096111,Lyce de BAPI,duplicate_unresolved,,(aucune)
4KE1GSFD110490111,Lyce de FAMTCHOUET,duplicate_unresolved,,(aucune)
4KE1GSFD110104115,Lyce de KOUNTI II-BALENG,duplicate_unresolved,,(aucune)
4KH1GSBD111864110,Lyce Bilingue de BAFOUSSAM-RURAL,duplicate_unresolved,,(aucune)
4KH1GSBD110460108,Lyce Bilingue de GOUACHE,duplicate_unresolved,,(aucune)
4KH1GSBD112357113,Lyce Bilingue de TOKET II,duplicate_unresolved,,(aucune)
4KH1GSFD112389110,Lyce de KOABANG III,duplicate_unresolved,,(aucune)
4KH1GSFD100471110,Lyce de WOUONG II,duplicate_unresolved,,(aucune)
4LC1GSFD102345113,CES de BANEKOUANE,duplicate_unresolved,,(aucune)
4LC1GSFD100637108,CES de BANGOUA-SUD,duplicate_unresolved,,(aucune)
4LC1GSFD101290109,CES de LOUH-TOUGWE-BAMENA,duplicate_unresolved,,(aucune)
4LC1GSBD110087106,Lyce Bilingue de BANGANGTE,duplicate_unresolved,,(aucune)
4LC1GSBD102364112,Lyce Bilingue de BATELA,duplicate_unresolved,,(aucune)
4LC1GSFD110121076,Lyce Classique de BANGANGTE,duplicate_unresolved,,(aucune)
4LC1GSFD110399111,Lyce de BABOU,duplicate_unresolved,,(aucune)
4LC1GSFD110750113,Lyce de BAHOUOC,duplicate_unresolved,,(aucune)
4LC1GSFD111843098,Lyce de BAMENA,duplicate_unresolved,,(aucune)
4LC1GSFD110463110,Lyce de BANGANG-FOKAM,duplicate_unresolved,,(aucune)
4LC1GSFD111683099,Lyce de BANGOUA,duplicate_unresolved,,(aucune)
4LC1GSFD111631110,Lyce de BANGOULAP,duplicate_unresolved,,(aucune)
4LC1GSFD111624112,Lyce de NKONG-NGAM,duplicate_unresolved,,(aucune)
4LE1GSBD111533106,Lyce Bilingue de BASSAMBA,duplicate_unresolved,,(aucune)
4LH1GSFD102380109,CES de BAZOU-RURAL,duplicate_unresolved,,(aucune)
4LH1GSBD111708114,Lyce Bilingue de BALENGOU,duplicate_unresolved,,(aucune)
4LH1GSBD111178114,Lyce Bilingue de BAZOU,duplicate_unresolved,,(aucune)
4LH1GSFD111767115,Lyce de BALENGOU-KASSANG,duplicate_unresolved,,(aucune)
4LI1GSBD102694114,CES Bilingue de TONGA-RURAL,duplicate_unresolved,,(aucune)
4LI1GSBD111700115,Lyce Bilingue de BANDOUNGA,duplicate_unresolved,,(aucune)
4LI1GSBD112104109,Lyce Bilingue de TONGA,duplicate_unresolved,,(aucune)
4MC1GSBD101490111,CES Bilingue de KOUTOUPIT,duplicate_unresolved,,(aucune)
4MC1GSBD102354113,Lyce Bilingue de BANGAMBI,duplicate_unresolved,,(aucune)
4MC1GSBD111671106,Lyce Bilingue de BANGOURAIN,duplicate_unresolved,,(aucune)
4MC1GSBD101498110,Lyce Bilingue de KOUHOUAT,duplicate_unresolved,,(aucune)
4MC1GSBD101820112,Lyce Bilingue de KOUMENGBA,duplicate_unresolved,,(aucune)
4MC1GSBD111494112,Lyce Bilingue de KOUROM,duplicate_unresolved,,(aucune)
4ME1GSFD101077112,CES de MAGBASSAH,duplicate_unresolved,,(aucune)
4ME1GSFD102927115,CES de MAPOUOCHE,duplicate_unresolved,,(aucune)
4ME1GSFD102373112,CES de NJICHOM,duplicate_unresolved,,(aucune)
4ME1GSFD101021111,CES de NJIKETNKIE,duplicate_unresolved,,(aucune)
4ME1GSFD112132086,Lyce Classique de FOUMBAN,duplicate_unresolved,,(aucune)
4ME1GSFD112226114,Lyce de KOUNDOUM,duplicate_unresolved,,(aucune)
4ME1GSFD111106113,Lyce de MAMBAIN,duplicate_unresolved,,(aucune)
4ME1GSFD111042109,Lyce de NJIMBAM,duplicate_unresolved,,(aucune)
4MH1GSFD101102108,CES de DJIONE,duplicate_unresolved,,(aucune)
4MH1GSFD102984117,CES de FOSSANG,duplicate_unresolved,,(aucune)
4MH1GSBD111846095,Lyce Bilingue de FOUMBOT,duplicate_unresolved,,(aucune)
4MH1GSBD101116111,Lyce Bilingue de NJINCHA,duplicate_unresolved,,(aucune)
4MH1GSFD111828108,Lyce de BAIGOM,duplicate_unresolved,,(aucune)
4MH1GSFD111988108,Lyce de KOUNDOUMBAIN,duplicate_unresolved,,(aucune)
4MI1GSFD102707114,CES de NGBETSOUEN I,duplicate_unresolved,,(aucune)
4MI1GSBD111096105,Lyce Bilingue de KOUOPTAMO,duplicate_unresolved,,(aucune)
4MI1GSFD111807113,Lyce de NJINGOUMBE ET NJITAPON,duplicate_unresolved,,(aucune)
4MI1GSFD111015118,Lyce de PANKE-NJINDOUN,duplicate_unresolved,,(aucune)
4MJ1GSBD101113111,CES Bilingue de DIDANGO,duplicate_unresolved,,(aucune)
4MJ1GSBD111910105,Lyce Bilingue de KOUTABA,duplicate_unresolved,,(aucune)
4MJ1GSFD111889112,Lyce de KOUCHANKAP,duplicate_unresolved,,(aucune)
4MJ1GSFD111895110,Lyce de KOUPA,duplicate_unresolved,,(aucune)
4MJ1GSFD111985112,Lyce de KOUTABA-LEPROSERIE,duplicate_unresolved,,(aucune)
4MK1GSBD100665108,CES Bilingue de NGOUNSO,duplicate_unresolved,,(aucune)
4MK1GSFD100747110,CES de MANDA,duplicate_unresolved,,(aucune)
4MK1GSFD102355113,CES de MATTA-BARRAGE,duplicate_unresolved,,(aucune)
4MK1GSFD100790110,CES de MBAKOP,duplicate_unresolved,,(aucune)
4ML1GSBD102356113,CES Bilingue de MANTOUM-PRISON,duplicate_unresolved,,(aucune)
4ML1GSFD100545112,CES de MANDAH,duplicate_unresolved,,(aucune)
4ML1GSFD102992117,CES de MANDINGA,duplicate_unresolved,,(aucune)
4ML1GSFD100594110,CES de MANJE-KOUTOU,duplicate_unresolved,,(aucune)
4ML1GSFD100588112,CES de MAPOU-NJIPOUTE,duplicate_unresolved,,(aucune)
4ML1GSFD102814115,CES de MARAPNDOUM,duplicate_unresolved,,(aucune)
4ML1GSBD112018110,Lyce Bilingue de MALANTOUEN,duplicate_unresolved,,(aucune)
4ML1GSFD110582112,Lyce de MANGUIEMBOU,duplicate_unresolved,,(aucune)
4MM1GSFD102303113,CES de MAMANDEN,duplicate_unresolved,,(aucune)
4MM1GSFD101046109,CES de MANBOUONKOU,duplicate_unresolved,,(aucune)
4MM1GSFD100517112,CES de MANSOUEN,duplicate_unresolved,,(aucune)
4MM1GSFD100830111,CES de NJIMBETGWEN,duplicate_unresolved,,(aucune)
4MM1GSBD112013109,Lyce Bilingue de MASSANGAM,duplicate_unresolved,,(aucune)
4MM1GSFD111850113,Lyce de MANCHOUTMBI,duplicate_unresolved,,(aucune)
4MM1GSFD111677112,Lyce de MATOUFA,duplicate_unresolved,,(aucune)
4MN1GSFD102815115,CES de FOYETT,duplicate_unresolved,,(aucune)
4MN1GSFD102715114,CES de MAKOUETVU,duplicate_unresolved,,(aucune)
4MN1GSFD100754112,CES de MANKI,duplicate_unresolved,,(aucune)
4MN1GSFD111869109,Lyce de MAYAP,duplicate_unresolved,,(aucune)
4MN1GSFD112405111,Lyce de NJIMOM,duplicate_unresolved,,(aucune)
2CC1GSFD102414108,CES de DANFILI-MAMBAL,duplicate_unresolved,,(aucune)
2CC1GSFD102433111,CES de NGAOUNDAL-GARE,duplicate_unresolved,,(aucune)
2CC1GSFD100550113,CES de PANGAR,duplicate_unresolved,,(aucune)
2CC1GSBD112397112,Lyce Bilingue de NGAOUNDAL,duplicate_unresolved,,(aucune)
2CC1GSFD112401092,Lyce de NGAOUNDAL,duplicate_unresolved,,(aucune)
2CE1GSFD102428111,CES de KOATA,duplicate_unresolved,,(aucune)
2CE1GSFD100031111,CES de MEIDJAMBA,duplicate_unresolved,,(aucune)
2CE1GSFD102856115,CES de YOKO-TIBATI,duplicate_unresolved,,(aucune)
2CE1GSBD112294100,Lyce Bilingue de TIBATI,duplicate_unresolved,,(aucune)
2CE1GSFD112419115,Lyce de MBAKAOU,duplicate_unresolved,,(aucune)
2CE1GSFD110001114,Lyce de MENG,duplicate_unresolved,,(aucune)
2EE1GSFD100392110,CES de WOGOMDOU,duplicate_unresolved,,(aucune)
2EE1GSFD111932102,Lyce Bilingue de GALIM-TIGNERE,duplicate_unresolved,,(aucune)
2EH1GSFD100526104,CES de KONTCHA,duplicate_unresolved,,(aucune)
2EI1GSFD100832108,CES d'ALME,duplicate_unresolved,,(aucune)
2EI1GSFD101984112,CES de GADJIWAN,duplicate_unresolved,,(aucune)
2EI1GSFD110323106,Lyce Bilingue de MAYO-BALEO,duplicate_unresolved,,(aucune)
2EJ1GSFD102863115,CES de GASSANGUEL,duplicate_unresolved,,(aucune)
2EJ1GSFD102424109,CES de LIBONG-MARCHE,duplicate_unresolved,,(aucune)
2EJ1GSFD102437112,CES de SADECK,duplicate_unresolved,,(aucune)
2EJ1GSBD112026107,Lyce Bilingue de TIGNERE,duplicate_unresolved,,(aucune)
2EJ1GSFD112382112,Lyce de DOUALAYEL,duplicate_unresolved,,(aucune)
2HC1GSBD102852115,CES Bilingue de GUINKLO,duplicate_unresolved,,(aucune)
2HC1GSBD100219113,CES Bilingue de NGOULORI,duplicate_unresolved,,(aucune)
2HC1GSBD112416115,Lyce Bilingue de BANDAM,duplicate_unresolved,,(aucune)
2HC1GSBD112407107,Lyce Bilingue de BANKIM,duplicate_unresolved,,(aucune)
2HC1GSBD100659112,Lyce Bilingue de LINGAM,duplicate_unresolved,,(aucune)
2HC1GSBD110625114,Lyce Bilingue de SOMIE,duplicate_unresolved,,(aucune)
2HC1GSFD112403112,Lyce de NYAMBOYA,duplicate_unresolved,,(aucune)
2HE1GSFD102708114,CES de SABONGARI-BANYO,duplicate_unresolved,,(aucune)
2HE1GSFD100508108,CES de SAMBOLABO,duplicate_unresolved,,(aucune)
2HE1GSBD110609115,Lyce Bilingue d'ALLAT,duplicate_unresolved,,(aucune)
2HE1GSFD112385083,Lyce de BANYO,duplicate_unresolved,,(aucune)
2HH1GSBD110044114,Lyce Bilingue de MAYO-DARLE,duplicate_unresolved,,(aucune)
2IC1GSFD101054112,CES de BAGODO,duplicate_unresolved,,(aucune)
2IC1GSFD101061111,CES de KALADI,duplicate_unresolved,,(aucune)
2IC1GSFD111658105,Lyce de DIR,duplicate_unresolved,,(aucune)
2IE1GSFD101263111,CES de YAMBA,duplicate_unresolved,,(aucune)
2IE1GSFD100842113,CES de YARMBANG,duplicate_unresolved,,(aucune)
2IE1GSFD111184101,Lyce Bilingue de DJOHONG,duplicate_unresolved,,(aucune)
2IH1GSFD100239113,CES de BEKA,duplicate_unresolved,,(aucune)
2IH1GSFD102855115,CES de FADA,duplicate_unresolved,,(aucune)
2IH1GSFD102190110,CES de GARGA-LIMBONA,duplicate_unresolved,,(aucune)
2IH1GSFD102854115,CES de MBARANG,duplicate_unresolved,,(aucune)
2IH1GSFD102912114,CES de MIKILA,duplicate_unresolved,,(aucune)
2IH1GSBD111861107,Lyce Bilingue de MEIGANGA,duplicate_unresolved,,(aucune)
2IH1GSFD112450088,Lyce Classique et Moderne de MEIGANGA,duplicate_unresolved,,(aucune)
2IH1GSFD111152111,Lyce de BATOUA-GODOLE,duplicate_unresolved,,(aucune)
2IH1GSFD110796115,Lyce de GUNBELA,duplicate_unresolved,,(aucune)
2IH1GSFD110030109,Lyce de LOKOTI,duplicate_unresolved,,(aucune)
2IH1GSFD110515115,Lyce de MEIDOUGOU,duplicate_unresolved,,(aucune)
2II1GSFD110040112,Lyce de NGAOUI,duplicate_unresolved,,(aucune)
2JC1GSFD111884099,Lyce Bilingue de BELEL,duplicate_unresolved,,(aucune)
2JC1GSFD110318109,Lyce de BEKA-MODIBO,duplicate_unresolved,,(aucune)
2JC1GSFD110780113,Lyce de TELLO,duplicate_unresolved,,(aucune)
2JC1GSFD110634113,Lyce de TOURNINGAL,duplicate_unresolved,,(aucune)
2JE1GSFD102679114,CES d'HANGLOA,duplicate_unresolved,,(aucune)
2JE1GSFD100774113,CES de LIKOK,duplicate_unresolved,,(aucune)
2JE1GSFD111147111,Lyce de MARTAP,duplicate_unresolved,,(aucune)
2JH1GSFD100095100,CES de SASSA-MBERSI,duplicate_unresolved,,(aucune)
2JH1GSFD102121110,CES de TAGBOUM,duplicate_unresolved,,(aucune)
2JH1GSBD111827113,Lyce Bilingue de MBE,duplicate_unresolved,,(aucune)
2JH1GSFD111237115,Lyce de NGAOUYANGA,duplicate_unresolved,,(aucune)
2JH1GSFD111140113,Lyce de WACK,duplicate_unresolved,,(aucune)
2JI1GSFD100700112,CES de MBANG-MBOUM,duplicate_unresolved,,(aucune)
2JI1GSFD100611113,CES de NYASSAR,duplicate_unresolved,,(aucune)
2JI1GSFD110089108,Lyce Bilingue de GANGASSAOU,duplicate_unresolved,,(aucune)
2JI1GSFD110018111,Lyce de BEREM,duplicate_unresolved,,(aucune)
2JI1GSFD110422108,Lyce de NGAN-HA,duplicate_unresolved,,(aucune)
2JK1GSBD102853115,CES Bilingue de MARZA,duplicate_unresolved,,(aucune)
2JJ1GSFD101476112,CES de BAMYANGA-HAMADJANGUI,duplicate_unresolved,,(aucune)
2JJ1GSBD111474110,Lyce Bilingue de BAMYANGA,duplicate_unresolved,,(aucune)
2JJ1GSFD110098111,Lyce de BEKA-HOSSERE,duplicate_unresolved,,(aucune)
2JJ1GSFD111065112,Lyce de BURKINA,duplicate_unresolved,,(aucune)
2JK1GSBD112472091,Lyce Bilingue de NGAOUNDERE,duplicate_unresolved,,(aucune)
2JK1GSFD111274114,Lyce de GADA-MABANGA,duplicate_unresolved,,(aucune)
2JK1GSFD112133099,Lyce de NGAOUNDERE-MARDOCK,duplicate_unresolved,,(aucune)
2JK1GSFD110599110,Lyce de SABONGARI (Ngaoundere II),duplicate_unresolved,,(aucune)
2JL1GSFD100839113,CES de BEKA-NGAOUMOKON,duplicate_unresolved,,(aucune)
2JL1GSFD103159118,CES de TCHABAL,duplicate_unresolved,,(aucune)
2JL1GSBD111486106,Lyce Bilingue de MALANG,duplicate_unresolved,,(aucune)
2JL1GSFD111268113,Lyce de MANWI,duplicate_unresolved,,(aucune)
2JM1GSFD110731111,Lyce Bilingue de NYAMBAKA,duplicate_unresolved,,(aucune)
2JM1GSFD110336113,Lyce de DIBI,duplicate_unresolved,,(aucune)
2JM1GSFD110718115,Lyce de WASSANDE,duplicate_unresolved,,(aucune)
1CC1GSFD102922114,CES de KERZING,duplicate_unresolved,,(aucune)
1CC1GSFD110565109,Lyce de BASCHEO,duplicate_unresolved,,(aucune)
1CE1GSFD102329113,CES de BIKALE,duplicate_unresolved,,(aucune)
1CE1GSFD102985117,CES de BOELI,duplicate_unresolved,,(aucune)
1CE1GSFD100573111,CES de MANDJAOLA,duplicate_unresolved,,(aucune)
1CE1GSFD102729114,CES de NDIAM-BADI,duplicate_unresolved,,(aucune)
1CE1GSBD102459110,Lyce Bilingue de BIBEMI,duplicate_unresolved,,(aucune)
1CE1GSFD110953111,Lyce Bilingue de BOULA-IBIB,duplicate_unresolved,,(aucune)
1CE1GSFD110576113,Lyce d'ADOUMRI,duplicate_unresolved,,(aucune)
1CE1GSFD111188112,Lyce d'HOULA,duplicate_unresolved,,(aucune)
1CE1GSFD111945100,Lyce de BIBEMI,duplicate_unresolved,,(aucune)
1CE1GSFD110896110,Lyce de DJALOUMI,duplicate_unresolved,,(aucune)
1CE1GSFD110581113,Lyce de MAYO-LOPE,duplicate_unresolved,,(aucune)
1CE1GSFD110914110,Lyce de PADARME,duplicate_unresolved,,(aucune)
1CH1GSFD100853112,CES de BAONIA-DJALLOU,duplicate_unresolved,,(aucune)
1CH1GSFD111939113,Lyce de DEMBO,duplicate_unresolved,,(aucune)
1CI1GSFD100902112,CES de BAMANGA,duplicate_unresolved,,(aucune)
1CI1GSFD102684114,CES de MAYAMI,duplicate_unresolved,,(aucune)
1CI1GSFD111877102,Lyce de DEMSA-A-GASCHIGA,duplicate_unresolved,,(aucune)
1CJ1GSFD102463113,CES de DJOUMASSI,duplicate_unresolved,,(aucune)
1CJ1GSFD102374112,CES de SABONGARI-GAROUA,duplicate_unresolved,,(aucune)
1CJ1GSBD110891115,Lyce Bilingue de KOLLERE-GAROUA,duplicate_unresolved,,(aucune)
1CJ1GSBD100941115,Lyce Bilingue de WOURO-LABBO,duplicate_unresolved,,(aucune)
1CJ1GSFD112095106,Lyce d'OURO-HOURSO-GAROUA,duplicate_unresolved,,(aucune)
1CK1GSBD110910109,Lyce Bilingue de GAROUA,duplicate_unresolved,,(aucune)
1CK1GSBD111898112,Lyce Bilingue de NGALBIDJE,duplicate_unresolved,,(aucune)
1CK1GSFD112341074,Lyce Classique et Moderne de GAROUA,duplicate_unresolved,,(aucune)
1CK1GSFD111819106,Lyce de GAROUA-NASSARAO,duplicate_unresolved,,(aucune)
1CL1GSFD100616111,CES de DENGUI,duplicate_unresolved,,(aucune)
1CL1GSFD100610111,CES de KISMATARI,duplicate_unresolved,,(aucune)
1CL1GSBD110603115,Lyce Bilingue de BOCKLE,duplicate_unresolved,,(aucune)
1CL1GSFD110619112,Lyce de DJALINGO,duplicate_unresolved,,(aucune)
1CL1GSFD111465106,Lyce de SANGUERE PAUL,duplicate_unresolved,,(aucune)
1CM1GSFD102923114,CES de KATE,duplicate_unresolved,,(aucune)
1CM1GSFD101885112,CES de MAYO-BOCKI-GOUNA,duplicate_unresolved,,(aucune)
1CM1GSFD102702114,CES de WOURO-KESSOUM,duplicate_unresolved,,(aucune)
1CM1GSBD111255112,Lyce Bilingue de LAGDO,duplicate_unresolved,,(aucune)
1CM1GSFD110224113,Lyce de BAME,duplicate_unresolved,,(aucune)
1CM1GSFD111281112,Lyce de GOUNA,duplicate_unresolved,,(aucune)
1CM1GSFD111223110,Lyce de RABINGHA,duplicate_unresolved,,(aucune)
1CN1GSFD102733114,CES d'OURO-ARDO-REY,duplicate_unresolved,,(aucune)
1CQ1GSFD101245111,CES de BADJOUMA-RADIER,duplicate_unresolved,,(aucune)
1CQ1GSFD102718114,CES de BE,duplicate_unresolved,,(aucune)
1CQ1GSFD102710114,CES de DOLLA,duplicate_unresolved,,(aucune)
1CQ1GSFD102829115,CES de PENE,duplicate_unresolved,,(aucune)
1CQ1GSFD102328113,CES de SONAYO,duplicate_unresolved,,(aucune)
1CQ1GSBD101277110,Lyce Bilingue de PITOA,duplicate_unresolved,,(aucune)
1CQ1GSFD111834113,Lyce de BADJENGO,duplicate_unresolved,,(aucune)
1CQ1GSFD111251113,Lyce de BADJOUMA,duplicate_unresolved,,(aucune)
1CQ1GSFD111993098,Lyce de PITOA,duplicate_unresolved,,(aucune)
1CR1GSFD101271112,CES de LANGUI,duplicate_unresolved,,(aucune)
1CR1GSFD111241113,Lyce de NDJOLA,duplicate_unresolved,,(aucune)
1CR1GSFD112393103,Lyce de NGONG,duplicate_unresolved,,(aucune)
1CT1GSFD101179111,CES de KOZA II,duplicate_unresolved,,(aucune)
1CT1GSFD102725114,CES de MBAGA,duplicate_unresolved,,(aucune)
1EC1GSBD101066109,CES Bilingue de BALKOSSA,duplicate_unresolved,,(aucune)
1EC1GSFD100686110,CES de YELI,duplicate_unresolved,,(aucune)
1EC1GSFD111154105,Lyce de BEKA,duplicate_unresolved,,(aucune)
1EE1GSFD102737114,CES de PINTCHOUMBA,duplicate_unresolved,,(aucune)
1EE1GSFD100924107,CES de VOKO,duplicate_unresolved,,(aucune)
1EE1GSFD100866108,CES de WATE,duplicate_unresolved,,(aucune)
1EE1GSBD100782112,Lyce Bilingue de POLI,duplicate_unresolved,,(aucune)
1EE1GSFD111872112,Lyce de BOUMBA,duplicate_unresolved,,(aucune)
1EE1GSFD110772114,Lyce de FIGNOLE,duplicate_unresolved,,(aucune)
1EE1GSFD110857090,Lyce de POLI,duplicate_unresolved,,(aucune)
1HC1GSFD102828115,CES de BADADJI,duplicate_unresolved,,(aucune)
1HC1GSBD111071115,Lyce Bilingue de FIGUIL,duplicate_unresolved,,(aucune)
1HC1GSFD111983104,Lyce Bilingue de LAM,duplicate_unresolved,,(aucune)
1HC1GSFD110929113,Lyce de BIOU,duplicate_unresolved,,(aucune)
1HC1GSFD112099111,Lyce de FIGUIL,duplicate_unresolved,,(aucune)
1HE1GSFD102327113,CES de BOUBA-DJARA,duplicate_unresolved,,(aucune)
1HE1GSFD102745114,CES de BOURWOY,duplicate_unresolved,,(aucune)
1HE1GSFD102742114,CES de CASIER-GUIDER,duplicate_unresolved,,(aucune)
1HE1GSFD102827115,CES de LARBAK,duplicate_unresolved,,(aucune)
1HE1GSFD101301112,CES de LIBE,duplicate_unresolved,,(aucune)
1HE1GSFD102739114,CES de LOUGGERE-GUIDER,duplicate_unresolved,,(aucune)
1HE1GSBD111309109,Lyce Bilingue de GUIDER,duplicate_unresolved,,(aucune)
1HE1GSFD110862115,Lyce de DJAMBOUTOU-GUIDER,duplicate_unresolved,,(aucune)
1HE1GSFD110669112,Lyce de DOUROUM (Guider),duplicate_unresolved,,(aucune)
1HE1GSFD111190076,Lyce de GUIDER,duplicate_unresolved,,(aucune)
1HE1GSFD111934114,Lyce de KAKALA,duplicate_unresolved,,(aucune)
1HE1GSFD110744111,Lyce de MOUSGOY,duplicate_unresolved,,(aucune)
1HE1GSFD110751108,Lyce de TCHONTCHI-GOLOMBE,duplicate_unresolved,,(aucune)
1HH1GSFD102986117,CES de GUIRVIZA,duplicate_unresolved,,(aucune)
1HH1GSFD101905110,CES de MOUROUM,duplicate_unresolved,,(aucune)
1HH1GSFD100816112,CES de POLOGOZOM,duplicate_unresolved,,(aucune)
1HH1GSBD111084112,Lyce Bilingue de DOUMO,duplicate_unresolved,,(aucune)
1HH1GSBD111893114,Lyce Bilingue de MAYO-OULO,duplicate_unresolved,,(aucune)
1HH1GSFD112297112,Lyce de DOURBEYE,duplicate_unresolved,,(aucune)
1CI1GSFD102692114,CES de DJEMADJOU,duplicate_unresolved,,(aucune)
1IC1GSFD102336113,CES de SOROMBEO,duplicate_unresolved,,(aucune)
1IE1GSBD102825115,CES Bilingue de REY-BOUBA,duplicate_unresolved,,(aucune)
1IE1GSFD100719112,CES de KOINDERI,duplicate_unresolved,,(aucune)
1IE1GSFD102335113,CES de MARADI,duplicate_unresolved,,(aucune)
1IE1GSFD110710114,Lyce de DOBINGA,duplicate_unresolved,,(aucune)
1IE1GSFD110692092,Lyce de REY-BOUBA,duplicate_unresolved,,(aucune)
1IH1GSFD102706114,CES de BOURI,duplicate_unresolved,,(aucune)
1IH1GSFD101156112,CES de LABOUN,duplicate_unresolved,,(aucune)
1IH1GSFD102339113,CES de YOUKOUT,duplicate_unresolved,,(aucune)
1IH1GSBD100598114,Lyce Bilingue de SAKDJE,duplicate_unresolved,,(aucune)
1IH1GSBD111576111,Lyce Bilingue de TCHOLLIRE,duplicate_unresolved,,(aucune)
1IH1GSFD111654109,Lyce de GAMBA,duplicate_unresolved,,(aucune)
1IH1GSFD111135114,Lyce de GOP-REY,duplicate_unresolved,,(aucune)
1II1GSFD102826116,CES de DOMPLA,duplicate_unresolved,,(aucune)
1II1GSFD102713114,CES de MBAKA,duplicate_unresolved,,(aucune)
1II1GSFD100972112,CES de MBAKANA,duplicate_unresolved,,(aucune)
1II1GSFD101534112,CES de MBANG-REY,duplicate_unresolved,,(aucune)
1II1GSFD102338113,CES de NGOUMI,duplicate_unresolved,,(aucune)
1II1GSFD101538112,CES de SIRI N7,duplicate_unresolved,,(aucune)
1II1GSBD102337113,Lyce Bilingue de TOUBORO,duplicate_unresolved,,(aucune)
1II1GSFD110982112,Lyce de MBAI-MBOUM,duplicate_unresolved,,(aucune)
1II1GSFD112071098,Lyce de TOUBORO,duplicate_unresolved,,(aucune)
1II1GSFD111849113,Lyce de VOGZOM,duplicate_unresolved,,(aucune)
1II1GSFD111055111,Lyce de YANLI,duplicate_unresolved,,(aucune)
0CC1GSFD100366111,CES de BALDA,duplicate_unresolved,,(aucune)
0CC1GSFD100554112,CES de GUINLAYE,duplicate_unresolved,,(aucune)
0CC1GSFD102861115,CES de MADAKA,duplicate_unresolved,,(aucune)
0CC1GSFD100779111,CES de SEDEK,duplicate_unresolved,,(aucune)
0CC1GSFD110078092,Lyce Bilingue de BOGO,duplicate_unresolved,,(aucune)
0CE1GSFD102700114,CES d'OURO-ZANGUI,duplicate_unresolved,,(aucune)
0CE1GSFD100544111,CES de KAHEO,duplicate_unresolved,,(aucune)
0CE1GSFD100547111,CES de YOLDEO,duplicate_unresolved,,(aucune)
0CE1GSFD110595110,Lyce de DARGALA,duplicate_unresolved,,(aucune)
0CH1GSFD110567115,Lyce de MASSAKAL,duplicate_unresolved,,(aucune)
0CI1GSFD102215113,CES d'HARDE-MAROUA,duplicate_unresolved,,(aucune)
0CI1GSFD102045112,CES de NGASSA,duplicate_unresolved,,(aucune)
0CI1GSFD102220113,CES de PALAR,duplicate_unresolved,,(aucune)
0CI1GSFD112009092,Lyce Bilingue de MAROUA-DOMAYO,duplicate_unresolved,,(aucune)
0CI1GSFD111941114,Lyce d'OURO-TCHEDE,duplicate_unresolved,,(aucune)
0CI1GSFD111303114,Lyce de KATOUAL,duplicate_unresolved,,(aucune)
0CI1GSFD110534115,Lyce de MAKABAYE,duplicate_unresolved,,(aucune)
0CI1GSFD111902103,Lyce de MAROUA-SALAK,duplicate_unresolved,,(aucune)
0CI1GSFD112039107,Lyce de MESKINE,duplicate_unresolved,,(aucune)
0CJ1GSFD111506112,Lyce de DOGBA,duplicate_unresolved,,(aucune)
0CJ1GSFD111240114,Lyce de GAYAK,duplicate_unresolved,,(aucune)
0CJ1GSFD111231110,Lyce de KAKATARE-MAROUA,duplicate_unresolved,,(aucune)
0CK1GSFD102689114,CES de GUINADJI,duplicate_unresolved,,(aucune)
0CK1GSFD102216113,CES de KODEK,duplicate_unresolved,,(aucune)
0CK1GSFD112456078,Lyce Classique et Moderne de MAROUA,duplicate_unresolved,,(aucune)
0CK1GSFD111222112,Lyce de BALAZA-ALCALI,duplicate_unresolved,,(aucune)
0CK1GSFD111684107,Lyce de MAROUA-KONGOLA,duplicate_unresolved,,(aucune)
0CL1GSFD102682114,CES de MANGUIRDLA,duplicate_unresolved,,(aucune)
0CL1GSFD112076115,Lyce de DOULEK,duplicate_unresolved,,(aucune)
0CL1GSFD111217108,Lyce de DOUROUM (Meri),duplicate_unresolved,,(aucune)
0CL1GSFD111672110,Lyce de GODOLA,duplicate_unresolved,,(aucune)
0CL1GSFD111200114,Lyce de KALLIAO,duplicate_unresolved,,(aucune)
0CL1GSFD112207092,Lyce de MERI,duplicate_unresolved,,(aucune)
0CM1GSFD102219113,CES de LOULOU,duplicate_unresolved,,(aucune)
0CM1GSFD111362115,Lyce de DAGAI-KOLA,duplicate_unresolved,,(aucune)
0CM1GSFD111256111,Lyce de GAWEL,duplicate_unresolved,,(aucune)
0CM1GSFD112452107,Lyce de NDOUKOULA,duplicate_unresolved,,(aucune)
0CN1GSFD101836112,CES de DOUBBEL,duplicate_unresolved,,(aucune)
0CN1GSFD111492110,Lyce de PETTE,duplicate_unresolved,,(aucune)
0EC1GSFD111266112,Lyce de BLANGOUA,duplicate_unresolved,,(aucune)
0EE1GSBD101923109,CES Bilingue de DARAK,duplicate_unresolved,,(aucune)
0EH1GSFD110288111,Lyce de FOTOKOL,duplicate_unresolved,,(aucune)
0EI1GSFD112412099,Lyce de GOULFEY,duplicate_unresolved,,(aucune)
0EJ1GSFD101282092,CES d'HILE-ALIFA,duplicate_unresolved,,(aucune)
0EK1GSBD112144104,Lyce Bilingue de KOUSSERI,duplicate_unresolved,,(aucune)
0EK1GSFD111193113,Lyce d'AMCHEDIRE,duplicate_unresolved,,(aucune)
0EK1GSFD110464115,Lyce de LAKA,duplicate_unresolved,,(aucune)
0EK1GSFD111278074,Lyce Mixte de KOUSSERI,duplicate_unresolved,,(aucune)
0EL1GSFD100393111,CES de KIDAM,duplicate_unresolved,,(aucune)
0EL1GSFD102078111,CES de ZIMADO,duplicate_unresolved,,(aucune)
0EL1GSFD110353111,Lyce de LOGONE-BIRNI,duplicate_unresolved,,(aucune)
0EM1GSFD100330107,CES de BODO,duplicate_unresolved,,(aucune)
0EM1GSFD100702110,CES de MALTAM,duplicate_unresolved,,(aucune)
0EM1GSFD102987117,CES de WOULKY,duplicate_unresolved,,(aucune)
0EM1GSFD111870096,Lyce de MAKARY,duplicate_unresolved,,(aucune)
0EN1GSFD110302111,Lyce de WAZA,duplicate_unresolved,,(aucune)
0EQ1GSFD102425112,CES de MAZERA,duplicate_unresolved,,(aucune)
0EQ1GSFD100362100,Lyce de ZINA,duplicate_unresolved,,(aucune)
0HC1GSFD100006112,CES de GANGALANG,duplicate_unresolved,,(aucune)
0HC1GSBD112164114,Lyce Bilingue de DATCHEKA,duplicate_unresolved,,(aucune)
0HC1GSFD112124114,Lyce de GOUIN-TAALA,duplicate_unresolved,,(aucune)
0HC1GSFD112052115,Lyce de KONKORONG,duplicate_unresolved,,(aucune)
0HC1GSFD112082108,Lyce de ZOUAYE,duplicate_unresolved,,(aucune)
0HE1GSFD102709114,CES de GALAM,duplicate_unresolved,,(aucune)
0HE1GSFD102235113,CES de GUIRIOU,duplicate_unresolved,,(aucune)
0HE1GSFD102103112,CES de MASSA-KOUWEITA,duplicate_unresolved,,(aucune)
0HE1GSFD102838116,CES de POLGUE,duplicate_unresolved,,(aucune)
0HE1GSFD112086107,Lyce Bilingue de GOBO,duplicate_unresolved,,(aucune)
0HH1GSFD100620109,CES de BOUROU,duplicate_unresolved,,(aucune)
0HH1GSFD102161112,CES de DANIGUE,duplicate_unresolved,,(aucune)
0HH1GSFD102865116,CES de KELLE-PATANG,duplicate_unresolved,,(aucune)
0HH1GSFD102839116,CES de LOKO,duplicate_unresolved,,(aucune)
0HH1GSFD112088111,Lyce de BANGANA,duplicate_unresolved,,(aucune)
0HH1GSFD101379110,Lyce de DJOUGOUMTA,duplicate_unresolved,,(aucune)
0HI1GSFD102860115,CES de DAMA,duplicate_unresolved,,(aucune)
0HI1GSFD101014111,CES de DOUKROYE,duplicate_unresolved,,(aucune)
0HI1GSFD111911107,Lyce Bilingue de KAI-KAI,duplicate_unresolved,,(aucune)
0HI1GSFD110342111,Lyce de BEGUE-PALAM,duplicate_unresolved,,(aucune)
0HI1GSFD112006109,Lyce de DJAFGA,duplicate_unresolved,,(aucune)
0HI1GSFD110687111,Lyce de DOREISSOU,duplicate_unresolved,,(aucune)
0HI1GSFD112020115,Lyce de MADALAM,duplicate_unresolved,,(aucune)
0HJ1GSFD102917114,CES de GOBIO,duplicate_unresolved,,(aucune)
0HJ1GSFD100604112,CES de THIOU,duplicate_unresolved,,(aucune)
0HJ1GSFD102859115,CES de ZARIA,duplicate_unresolved,,(aucune)
0HJ1GSFD112091097,Lyce Bilingue de KALFOU,duplicate_unresolved,,(aucune)
0HJ1GSFD112109109,Lyce de BOUGAYE,duplicate_unresolved,,(aucune)
0HJ1GSFD110600111,Lyce de LOKORO,duplicate_unresolved,,(aucune)
0HK1GSFD100245111,CES de DATCHEKA-YOLDEO,duplicate_unresolved,,(aucune)
0HK1GSBD110247113,Lyce Bilingue de DOUKOULA,duplicate_unresolved,,(aucune)
0HK1GSFD110145111,Lyce Bilingue de GUISSIA,duplicate_unresolved,,(aucune)
0HK1GSFD110240112,Lyce d'OULARGO,duplicate_unresolved,,(aucune)
0HK1GSFD112096114,Lyce de DADJAMKA,duplicate_unresolved,,(aucune)
0HK1GSFD112526083,Lyce de DOUKOULA,duplicate_unresolved,,(aucune)
0HK1GSFD111963108,Lyce de MOGOM-KAR-HAY,duplicate_unresolved,,(aucune)
0HL1GSFD102100112,CES de MAGA-MADIOGO,duplicate_unresolved,,(aucune)
0HL1GSFD102236113,CES de MIHIRIA,duplicate_unresolved,,(aucune)
0HL1GSFD102120112,CES de NGOULMOUNG,duplicate_unresolved,,(aucune)
0HL1GSFD112112092,Lyce Bilingue de MAGA,duplicate_unresolved,,(aucune)
0HL1GSFD111980109,Lyce de GUIRVIDIG,duplicate_unresolved,,(aucune)
0HL1GSFD112217114,Lyce de MOURLA,duplicate_unresolved,,(aucune)
0HL1GSFD112150107,Lyce de POUSS,duplicate_unresolved,,(aucune)
0HL1GSFD112183113,Lyce de TEKELE,duplicate_unresolved,,(aucune)
0HL1GSFD111541115,Lyce de YANGAH,duplicate_unresolved,,(aucune)
0HM1GSFD102843115,CES de BAIGA,duplicate_unresolved,,(aucune)
0HM1GSBD102199113,Lyce Bilingue de TCHATIBALI,duplicate_unresolved,,(aucune)
0HM1GSFD112118114,Lyce de DOUAYE,duplicate_unresolved,,(aucune)
0HM1GSFD112126113,Lyce de KADA'A,duplicate_unresolved,,(aucune)
0HM1GSFD112072113,Lyce de WERFEO-WIBIWA,duplicate_unresolved,,(aucune)
0HN1GSFD102152110,CES d'AGOLLA,duplicate_unresolved,,(aucune)
0HN1GSFD102131110,CES de DABAYE,duplicate_unresolved,,(aucune)
0HN1GSFD101495109,CES de WIDIGUE,duplicate_unresolved,,(aucune)
0HN1GSBD111478115,Lyce Bilingue de KARTOUA,duplicate_unresolved,,(aucune)
0HN1GSFD111481111,Lyce de GABARAYE,duplicate_unresolved,,(aucune)
0HN1GSFD112094107,Lyce de VELE,duplicate_unresolved,,(aucune)
0HQ1GSFD102148112,CES de KAMARKI,duplicate_unresolved,,(aucune)
0HQ1GSFD102212113,CES de KOURBI-WINA,duplicate_unresolved,,(aucune)
0HQ1GSFD111093107,Lyce Bilingue de DJONGDONG,duplicate_unresolved,,(aucune)
0HQ1GSFD112169113,Lyce de DJENGRENG,duplicate_unresolved,,(aucune)
0HR1GSFD102129109,CES de DANAY-DIGUISSI,duplicate_unresolved,,(aucune)
0HR1GSFD102238113,CES de DJOGOIDI-DAMDAM,duplicate_unresolved,,(aucune)
0HR1GSFD102192110,CES de MASGAYA,duplicate_unresolved,,(aucune)
0HR1GSFD102864116,CES de NGAYA-HOUNOU,duplicate_unresolved,,(aucune)
0HR1GSFD102720114,CES de WOUDATA-KOTKON,duplicate_unresolved,,(aucune)
0HR1GSBD111689105,Lyce Bilingue de YAGOUA,duplicate_unresolved,,(aucune)
0HR1GSFD111959109,Lyce de DANA,duplicate_unresolved,,(aucune)
0HR1GSFD111082115,Lyce de DOMO,duplicate_unresolved,,(aucune)
0HR1GSFD111086111,Lyce de GUIDANMOUTOU,duplicate_unresolved,,(aucune)
0HR1GSFD111089111,Lyce de TOUKOU,duplicate_unresolved,,(aucune)
0HR1GSFD112146114,Lyce de VOUNALOUM,duplicate_unresolved,,(aucune)
0HR1GSFD112107112,Lyce de ZEBE,duplicate_unresolved,,(aucune)
0IC1GSBD102837116,CES Bilingue de GUIDIGUIS,duplicate_unresolved,,(aucune)
0IC1GSFD102732114,CES de GUEREME,duplicate_unresolved,,(aucune)
0IC1GSFD110242109,Lyce de DOUBANE,duplicate_unresolved,,(aucune)
0IC1GSFD112384092,Lyce de GUIDIGUIS,duplicate_unresolved,,(aucune)
0IC1GSFD112084115,Lyce de KOURBI,duplicate_unresolved,,(aucune)
0IE1GSFD102918112,CES de GALA-TCHEODE,duplicate_unresolved,,(aucune)
0IE1GSFD100454112,CES de MOUMOUR,duplicate_unresolved,,(aucune)
0IE1GSFD100518111,CES de POUDAM,duplicate_unresolved,,(aucune)
0IE1GSFD102836116,CES de ZAKLANG,duplicate_unresolved,,(aucune)
0IE1GSFD112211078,Lyce Classique et Moderne de KAELE,duplicate_unresolved,,(aucune)
0IE1GSFD112142113,Lyce de BIPAING,duplicate_unresolved,,(aucune)
0IE1GSFD112174110,Lyce de BOBOYO,duplicate_unresolved,,(aucune)
0IE1GSFD110166109,Lyce de DJIDOMA,duplicate_unresolved,,(aucune)
0IE1GSFD110561111,Lyce de DOUMROU,duplicate_unresolved,,(aucune)
0IE1GSFD112031114,Lyce de FOULOU,duplicate_unresolved,,(aucune)
0IE1GSFD111946112,Lyce de GABAN-LARA,duplicate_unresolved,,(aucune)
0IE1GSFD111699108,Lyce de GAREY,duplicate_unresolved,,(aucune)
0IE1GSFD112056114,Lyce de GOING-LARA,duplicate_unresolved,,(aucune)
0IE1GSFD112098098,Lyce de LARA,duplicate_unresolved,,(aucune)
0IE1GSFD112116107,Lyce de MIDJIVIN,duplicate_unresolved,,(aucune)
0IE1GSFD111703107,Lyce de MINDJIL,duplicate_unresolved,,(aucune)
0IH1GSFD100225108,CES de DOYANG,duplicate_unresolved,,(aucune)
0IH1GSFD100220110,CES de MODJOMBODI,duplicate_unresolved,,(aucune)
0IH1GSFD110077110,Lyce de MOGOM,duplicate_unresolved,,(aucune)
0II1GSFD102201113,CES de DARAM,duplicate_unresolved,,(aucune)
0II1GSFD101269107,CES de GOUDOUM-GOUDOUM,duplicate_unresolved,,(aucune)
0II1GSFD102919114,CES de GUIRLING,duplicate_unresolved,,(aucune)
0II1GSFD102227113,CES de KORRE,duplicate_unresolved,,(aucune)
0II1GSFD111273115,Lyce d'HORLONG,duplicate_unresolved,,(aucune)
0II1GSFD112137110,Lyce de KOLARA,duplicate_unresolved,,(aucune)
0II1GSFD111285100,Lyce de MOULVOUDAYE,duplicate_unresolved,,(aucune)
0IJ1GSFD110427107,Lyce de MOUDA,duplicate_unresolved,,(aucune)
0IJ1GSFD112070098,Lyce de MOUTOURWA,duplicate_unresolved,,(aucune)
0IJ1GSFD112015113,Lyce de NOUBOU,duplicate_unresolved,,(aucune)
0IK1GSFD102842116,CES de BITCHARE-DARGALA,duplicate_unresolved,,(aucune)
0IK1GSFD102240113,CES de GOLONG-DAKRI,duplicate_unresolved,,(aucune)
0IK1GSFD102726114,CES de NENBAKRI-TOULOUM,duplicate_unresolved,,(aucune)
0IK1GSFD112186104,Lyce Bilingue de TOULOUM,duplicate_unresolved,,(aucune)
0IK1GSFD112343113,Lyce de BIZILI,duplicate_unresolved,,(aucune)
0IK1GSFD111497115,Lyce de KOFIDE,duplicate_unresolved,,(aucune)
0IL1GSFD101915110,CES de DONGROSSE,duplicate_unresolved,,(aucune)
0IL1GSFD102738114,CES de SOUEYE,duplicate_unresolved,,(aucune)
0IL1GSFD110154114,Lyce de BARLANG,duplicate_unresolved,,(aucune)
0IL1GSFD112114106,Lyce de DZIGUILAO,duplicate_unresolved,,(aucune)
0IL1GSFD111499113,Lyce de GOLONGHINI,duplicate_unresolved,,(aucune)
0IL1GSFD111227110,Lyce de GOUNDAYE,duplicate_unresolved,,(aucune)
0JC1GSFD102743114,CES de TOLKOMARI,duplicate_unresolved,,(aucune)
0JC1GSFD110489112,Lyce de KERAWA,duplicate_unresolved,,(aucune)
0JC1GSFD112177098,Lyce de KOLOFATA,duplicate_unresolved,,(aucune)
0JE1GSFD101880112,CES d'AISSA-HARDE,duplicate_unresolved,,(aucune)
0JE1GSFD100080111,CES de GODIGONG,duplicate_unresolved,,(aucune)
0JE1GSFD102363113,CES de GOUDJIMDELE,duplicate_unresolved,,(aucune)
0JE1GSFD102784114,CES de MAKOULAHE,duplicate_unresolved,,(aucune)
0JE1GSFD101070112,CES de MORA-MASSIF,duplicate_unresolved,,(aucune)
0JE1GSFD102835117,CES de MORA-SULTANAT,duplicate_unresolved,,(aucune)
0JE1GSBD110102111,Lyce Bilingue de MORA,duplicate_unresolved,,(aucune)
0JE1GSFD110398082,Lyce Classique de MORA,duplicate_unresolved,,(aucune)
0JE1GSFD110434113,Lyce de KOURGUI,duplicate_unresolved,,(aucune)
0JE1GSFD112140111,Lyce de LIMANI,duplicate_unresolved,,(aucune)
0JE1GSFD110262104,Lyce de MEME,duplicate_unresolved,,(aucune)
0JE1GSFD111249110,Lyce de ZOUELVA,duplicate_unresolved,,(aucune)
0JH1GSFD102858115,CES de MAKALINGAI,duplicate_unresolved,,(aucune)
0JH1GSFD101243111,CES de MAYO-PLATA,duplicate_unresolved,,(aucune)
0JH1GSFD112156107,Lyce de GALAGA-MADA-KOLKOCH,duplicate_unresolved,,(aucune)
0JH1GSFD110249110,Lyce de KOTRABA,duplicate_unresolved,,(aucune)
0JH1GSFD110180113,Lyce de MOKIO,duplicate_unresolved,,(aucune)
0JH1GSFD112154096,Lyce de TOKOMBERE,duplicate_unresolved,,(aucune)
0KC1GSFD102920114,CES de WATIR-GUILI,duplicate_unresolved,,(aucune)
0KC1GSBD111204113,Lyce Bilingue de BOUKOULA,duplicate_unresolved,,(aucune)
0KC1GSBD111974110,Lyce Bilingue de BOURHA,duplicate_unresolved,,(aucune)
0KC1GSFD111207113,Lyce de GAMBOURA,duplicate_unresolved,,(aucune)
0KC1GSFD110742114,Lyce de GUILI,duplicate_unresolved,,(aucune)
0KC1GSFD112134109,Lyce de TCHEVI,duplicate_unresolved,,(aucune)
0KE1GSBD110280115,Lyce Bilingue de HINA,duplicate_unresolved,,(aucune)
0KE1GSFD111970110,Lyce de ZOUVOUL,duplicate_unresolved,,(aucune)
0KH1GSFD102241113,CES de DZOKOURMA,duplicate_unresolved,,(aucune)
0KH1GSFD110583114,Lyce de GABOUA,duplicate_unresolved,,(aucune)
0KH1GSFD110356111,Lyce de GOUZDA,duplicate_unresolved,,(aucune)
0KI1GSBD102244113,CES Bilingue de ZHELEVED,duplicate_unresolved,,(aucune)
0KI1GSFD100227111,CES d'ASSIGHASSIA,duplicate_unresolved,,(aucune)
0KI1GSFD110590110,Lyce d'OUZAL,duplicate_unresolved,,(aucune)
0KI1GSFD110575108,Lyce de MOZOGO,duplicate_unresolved,,(aucune)
0KJ1GSFD102834115,CES de GOURIA,duplicate_unresolved,,(aucune)
0KJ1GSFD102695114,CES de KILA,duplicate_unresolved,,(aucune)
0KJ1GSFD102680113,CES de LDIRI,duplicate_unresolved,,(aucune)
0KJ1GSFD110325105,Lyce Bilingue de MOGODE,duplicate_unresolved,,(aucune)
0KJ1GSBD110275115,Lyce Bilingue de RHUMSIKI,duplicate_unresolved,,(aucune)
0KJ1GSFD111144115,Lyce de HOUPOU,duplicate_unresolved,,(aucune)
0KJ1GSFD111953114,Lyce de RHUMZOU,duplicate_unresolved,,(aucune)
0KJ1GSFD111324114,Lyce de SIR,duplicate_unresolved,,(aucune)
0KK1GSFD102680114,CES d'UDKIA,duplicate_unresolved,,(aucune)
0KK1GSFD102368113,CES de BOULA,duplicate_unresolved,,(aucune)
0KK1GSFD101321112,CES de DIMEO,duplicate_unresolved,,(aucune)
0KK1GSFD100696110,CES de GAWAR,duplicate_unresolved,,(aucune)
0KK1GSFD102857115,CES de GOLIGUECHE,duplicate_unresolved,,(aucune)
0KK1GSFD102196113,CES de MAGOUMAZ,duplicate_unresolved,,(aucune)
0KK1GSFD100269111,CES de MANDAKA,duplicate_unresolved,,(aucune)
0KK1GSFD102231113,CES de SEGOULE,duplicate_unresolved,,(aucune)
0KK1GSFD102685114,CES de TCHOUVOUK,duplicate_unresolved,,(aucune)
0KK1GSBD112981114,Lyce Bilingue de MINAWAO,duplicate_unresolved,,(aucune)
0KK1GSFD110512111,Lyce Bilingue de MOKOLA,duplicate_unresolved,,(aucune)
0KK1GSBD110253106,Lyce Bilingue de MOKOLO,duplicate_unresolved,,(aucune)
0KK1GSFD110724074,Lyce Classique de MOKOLO,duplicate_unresolved,,(aucune)
0KK1GSFD110505115,Lyce de KOSSEHONE,duplicate_unresolved,,(aucune)
0KK1GSFD111966106,Lyce de MOKONG,duplicate_unresolved,,(aucune)
0KK1GSFD111536112,Lyce de TOUROU,duplicate_unresolved,,(aucune)
0KK1GSFD111261110,Lyce de ZIDIM,duplicate_unresolved,,(aucune)
0KL1GSFD101306111,CES de BAO-NDEVGAI,duplicate_unresolved,,(aucune)
0KL1GSFD101292112,CES de MADAKONAI,duplicate_unresolved,,(aucune)
0KL1GSFD102234113,CES de MAZAM,duplicate_unresolved,,(aucune)
0KL1GSFD102746114,CES de MAZAYA,duplicate_unresolved,,(aucune)
0KL1GSFD111999108,Lyce Bilingue de ROUA,duplicate_unresolved,,(aucune)
0KL1GSFD111313111,Lyce de BAO-DALZA,duplicate_unresolved,,(aucune)
0KL1GSFD112462118,Lyce de BAO-GREDE,duplicate_unresolved,,(aucune)
0KL1GSFD111297113,Lyce de MIDRE,duplicate_unresolved,,(aucune)
0KL1GSFD111259110,Lyce de SOULEDE,duplicate_unresolved,,(aucune)