staging_id,name,raw_name,region,city,institution_type,creation_order,opening_authorization,source,match_type,matched_establishment_id,decision,reason,pii_safe,extraction_status
dd59929f-728d-403b-aeba-2f2e0d4e4076,Acces Care Institute (ACI),Acces Care Institute (ACI),North West,Nkwen,IPES/Université d'Etat,,,http://www.minesup.gov.cm/index.php/acces-care-institute-aci/,NO_MATCH (fiche détail disponible),,CLEAN_APPROVABLE,"candidat nouveau, aucun signal de doublon",false,PASS
f4705c18-d713-4e74-abc4-b2636d918109,Bamenda University Institute of Science and Technology (BUIST),Bamenda University Institute of Science and Technology (BUIST),Nord-Ouest,Bamenda (Mile 3 Nkwen),IPES/Université d'Etat,N°05/0083/MINESUP ; N°05/0084/MINESUP ;  N°05/0085/MINESUP ;  N°05/0086/MINESUP du 07 septembre 2005,N°05/0088/MINESUP ; N°05/0089/MINESUP ; N°05/0092/MINESUP ;  N°05/0093/MINESUP ;  du 07 septembre 2005.,https://minesup.gov.cm/?page_id=7775&preview=true,NO_MATCH (fiche détail disponible),,CLEAN_APPROVABLE,"candidat nouveau, aucun signal de doublon",false,PASS
23f8537b-bf0d-44ca-8569-e043464cb8c5,Baptist Institute of Higher Learning,Baptist Institute of Higher Learning,Nord-Ouest,Bamenda,IPES/Université d'Etat,19-043372/L/MINESUP/SG/DDES/ESUP/SDA/OAGS du 12 avril 2019,19-043372/L/MINESUP/SG/DDES/ESUP/SDA/OAGS du 12 avril 2019,https://minesup.gov.cm/?page_id=7811&preview=true,NO_MATCH (fiche détail disponible),,CLEAN_APPROVABLE,"candidat nouveau, aucun signal de doublon",true,PASS
cf0cc340-6e85-4a1c-8ac4-fb75876d88c6,Capitol Higher Institute of Health Sciences and Beauty Therapy,Capitol Higher Institute of Health Sciences and Beauty Therapy,Nord-Ouest,Bamenda (Mile 3 Nkwen),IPES/Université d'Etat,N°05/0078/MINESUP du  07 septembre 2005,N°13/0052/MINESUP du  09 janvier 2013,https://minesup.gov.cm/?page_id=7779&preview=true,NO_MATCH (fiche détail disponible),,CLEAN_APPROVABLE,"candidat nouveau, aucun signal de doublon",false,PASS
05440cf1-8ad6-4a6b-b530-c644e882d2dc,Catholic University Institute of Bamenda,Catholic University Institute of Bamenda,Nord-Ouest,,IPES/Université d'Etat,N°12/00359/MINESUP  du 06 août 2012,N°11/0047/MINESUP du 12 janvier 2011,https://minesup.gov.cm/?page_id=7781&preview=true,NO_MATCH (fiche détail disponible),,CLEAN_APPROVABLE,"candidat nouveau, aucun signal de doublon",false,PASS
33030456-77a2-4ad6-bcaa-eeca225e1546,Central Higher Institute (CHI),Central Higher Institute (CHI),Nord-Ouest,Bamenda,IPES/Université d'Etat,N°16-10075/L/MINESUP/SG/DDES/ESUP/SDA/OASB du 05 septembre 2016,N°16-10075/L/MINESUP/SG/DDES/ESUP/SDA/OASB du 05 septembre 2016,https://minesup.gov.cm/?page_id=7825&preview=true,NO_MATCH (fiche détail disponible),,CLEAN_APPROVABLE,"candidat nouveau, aucun signal de doublon",false,PASS
e64bec3d-a5ad-4744-9808-0598e46d20c0,Christian University Institute,Christian University Institute,Nord-Ouest,Mbatu,IPES/Université d'Etat,N°07/0143/MINUP du 21 septembre 2007,N°12/0396/MINESUP du 17 août 2012,https://minesup.gov.cm/?page_id=7783&preview=true,NO_MATCH (fiche détail disponible),,CLEAN_APPROVABLE,"candidat nouveau, aucun signal de doublon",false,PASS
9be315b4-b2d4-4c89-a45a-75ac9b0f55af,Continental University Institute of science and Technology (CUIST),Continental University Institute of science and Technology (CUIST),North West Region,Upper Melim Kumbo,IPES/Université d'Etat,,,https://www.minesup.gov.cm/index.php/continental-university-institute-of-science-and-technology-cuist/,NO_MATCH (fiche détail disponible),,CLEAN_APPROVABLE,"candidat nouveau, aucun signal de doublon",false,PASS
ebdd0ac9-833a-4aab-a386-c97da52543ec,Experiental Higher Institute of Science and Technology (EXHIST),Experiental Higher Institute of Science and Technology (EXHIST),CENTRE/ NORTH WEST(Annexe),"Entre collège Ebanda, Biyem-Assi, Yaoundé / Below Linguistic Centre, Old Town Bamenda (Annexe)",IPES/Université d'Etat,,,https://www.minesup.gov.cm/index.php/experiental-higher-institute-of-science-and-technology-exhist/,NO_MATCH (fiche détail disponible),,CLEAN_APPROVABLE,"candidat nouveau, aucun signal de doublon",false,PASS
88dd575f-5dfe-4578-9fdb-92c8c7b27577,Florence Nigtingale Higher Institute of Health and Biomedical Sciences,Florence Nigtingale Higher Institute of Health and Biomedical Sciences,Nord-Ouest,,IPES/Université d'Etat,,,https://minesup.gov.cm/index.php/region-nord-ouest/,NO_MATCH (liste seule),,SOURCE_REVIEW,aucune fiche détail MINESUP disponible pour ce candidat,true,PASS
f8eda3ef-c0d1-4582-a832-df528171a2fd,Fonab Polytechnic,Fonab Polytechnic,Nord-Ouest,(Mile 3 Nkwen),IPES/Université d'Etat,N°02/0051/MINESUP du,N°02/0073/MINESUP du 13/08/2002.,https://minesup.gov.cm/?page_id=7787&preview=true,NO_MATCH (fiche détail disponible),,CLEAN_APPROVABLE,"candidat nouveau, aucun signal de doublon",false,PASS
56e97176-8e27-44ba-b5f1-1d2e6f22dee5,Havard Higher Institute of Science and Technology,Havard Higher Institute of Science and Technology,Nord-Ouest,Up station,IPES/Université d'Etat,N°14/N/02628/MINESUP/SG/DDES/ESUP/SDA/MM du 22 avril 2014,N°14/N/02628/MINESUP/SG/DDES/ESUP/SDA/MM du 22 avril 2014,https://minesup.gov.cm/?page_id=7789&preview=true,NO_MATCH (fiche détail disponible),,CLEAN_APPROVABLE,"candidat nouveau, aucun signal de doublon",false,PASS
94b3607e-5354-4e8b-bb61-1da9ecf8ff23,Higher Institute for Business and management Sciences,Higher Institute for Business and management Sciences,Nord-Ouest,Bamenda (Mbatu),IPES/Université d'Etat,N°06/0050/MINESUP du 02 juin 2006,N°12/0393/MINESUP du 17 août 2012,https://minesup.gov.cm/?page_id=7791&preview=true,NO_MATCH (fiche détail disponible),,CLEAN_APPROVABLE,"candidat nouveau, aucun signal de doublon",false,PASS
332cde68-1f88-4eb5-bf50-96cae4b1f322,Higher Institute for Professional Development and Training (HIPDET),Higher Institute for Professional Development and Training (HIPDET),Nord-Ouest,,IPES/Université d'Etat,N°16-13298/N/MINESUP/DDES/ESUP/SDA/NJN/ebm du 08décembre 2016,N°16-13298/N/MINESUP/DDES/ESUP/SDA/NJN/ebm du 08décembre 2016,https://minesup.gov.cm/?page_id=7809&preview=true,NO_MATCH (fiche détail disponible),,CLEAN_APPROVABLE,"candidat nouveau, aucun signal de doublon",false,PASS
39d6a1ab-329c-446f-b2cf-ca35202ebbf3,Higher Institute of Professionalism and Technology (HIPT),Higher Institute of Professionalism and Technology (HIPT),Nord-Ouest,Kumbo,IPES/Université d'Etat,N°17-08144/L/MINESUP/DDES/ESUP/SDA/MM du 04 août 2017,N°17-08144/L/MINESUP/DDES/ESUP/SDA/MM du 04 août 2017,https://minesup.gov.cm/?page_id=7816&preview=true,NO_MATCH (fiche détail disponible),,CLEAN_APPROVABLE,"candidat nouveau, aucun signal de doublon",false,PASS
5e1f5128-0739-4655-94c0-9ee4fe57a6a0,Impact Polytechnic,Impact Polytechnic,Nord-Ouest,,IPES/Université d'Etat,,,https://minesup.gov.cm/index.php/region-nord-ouest/,NO_MATCH (liste seule),,SOURCE_REVIEW,aucune fiche détail MINESUP disponible pour ce candidat,true,PASS
5ce1ddb8-eff8-44dc-9aed-e6d5fc8a59b6,International University of Bamenda,International University of Bamenda,Nord-ouest,Kumbo,IPES/Université d'Etat,N°11/00507/MINESUP/SG/DDES du,N°12/0363/MINESUP du 17 août 2012,https://minesup.gov.cm/?page_id=7795&preview=true,NO_MATCH (fiche détail disponible),,CLEAN_APPROVABLE,"candidat nouveau, aucun signal de doublon",false,PASS
c50e1225-cf84-4e9b-b0c6-0b1095b0ab8b,Jomatt Polytechnic Institute of Education,Jomatt Polytechnic Institute of Education,Nord-Ouest,Bamenda,IPES/Université d'Etat,N°16-07755/N/MINESUP/SG/DDES/ESUP/SDA/NJN/ebm du 19 juillet 2016,N°16-07755/N/MINESUP/SG/DDES/ESUP/SDA/NJN/ebm du 19 juillet 2016,https://minesup.gov.cm/?page_id=7827&preview=true,NO_MATCH (fiche détail disponible),,CLEAN_APPROVABLE,"candidat nouveau, aucun signal de doublon",false,PASS
c92fec8b-4166-4990-8d8b-ef8194505480,Laureate Higher Institute of Business and Administration (LAHIBA),Laureate Higher Institute of Business and Administration (LAHIBA),Nord-Ouest,,IPES/Université d'Etat,N°13/0400/MINESUP/SG/DDES of 10 septembre 2013,N°14/0395/MINESUP/SG/DDES/ du 04 juillet 2014,https://minesup.gov.cm/?page_id=7797&preview=true,NO_MATCH (fiche détail disponible),,CLEAN_APPROVABLE,"candidat nouveau, aucun signal de doublon",false,PASS
9cb81063-6c34-4997-8053-356e9a3bdc80,"National Higher Institute of Business, Tourism and Hotel Management (NAHIBUTH)","National Higher Institute of Business, Tourism and Hotel Management (NAHIBUTH)",Nord-Ouest,Bamenda,IPES/Université d'Etat,N°17-07437/L/MINESUP/SG/DDES/ESUP/SDA/OAGS du 12 juillet 2017,N°17-07437/L/MINESUP/SG/DDES/ESUP/SDA/OAGS du 12 juillet 2017,https://minesup.gov.cm/?page_id=7829&preview=true,NO_MATCH (fiche détail disponible),,CLEAN_APPROVABLE,"candidat nouveau, aucun signal de doublon",false,PASS
09de0337-4fa9-44d0-9584-08cf5cfb779f,National Polytechnic University Institute (NPUI),National Polytechnic University Institute (NPUI),Nord-Ouest,,IPES/Université d'Etat,N°02/0053/MINESUP du,N°02/0074/MINESUP du 13 août 2002 complétée par l’arrêté N°06/0059/MINESUP du 02 juin 2006,https://minesup.gov.cm/?page_id=7799&preview=true,NO_MATCH (fiche détail disponible),,CLEAN_APPROVABLE,"candidat nouveau, aucun signal de doublon",false,PASS
22021e99-1aee-4d7a-a964-e7b6a5cc8a88,"Paul Nkwi Higher Institute of Management, Science, Arts and Technology (PN-HIMSAT)","Paul Nkwi Higher Institute of Management, Science, Arts and Technology (PN-HIMSAT)",Nord-Ouest,Njinikom,IPES/Université d'Etat,N°17-08215/L/MINESUP/SG/DDES/ESUP/SDA/OPC du 08 août 2017,N°17-08215/L/MINESUP/SG/DDES/ESUP/SDA/OPC du 08 août 2017,https://minesup.gov.cm/?page_id=7832&preview=true,NO_MATCH (fiche détail disponible),,CLEAN_APPROVABLE,"candidat nouveau, aucun signal de doublon",false,PASS
baaa34bc-c47c-45be-975e-6bd35854b142,Pauls’s Computer Higher Institute of Technology (PC-HITECH),Pauls’s Computer Higher Institute of Technology (PC-HITECH),Nord-Ouest,,IPES/Université d'Etat,N°15/00760/MINESUP/SG/DDES/ESUP/SDA/NJN du 30 janvier 2015,N°15/00760/MINESUP/SG/DDES/ESUP/SDA/NJN du 30 janvier 2015,https://minesup.gov.cm/?page_id=7801&preview=true,NO_MATCH (fiche détail disponible),,CLEAN_APPROVABLE,"candidat nouveau, aucun signal de doublon",false,PASS
207d940b-48c0-4851-8e12-61bc873e9fb6,Pyramid Higher Institute of Professional Studies,Pyramid Higher Institute of Professional Studies,Nord-Ouest,,IPES/Université d'Etat,N°13/0402/MINESUP/SG/DDES du 10 septembre 2013,N°06/0056/MINESUP du 02 juin 2006.,https://minesup.gov.cm/?page_id=7803&preview=true,NO_MATCH (fiche détail disponible),,CLEAN_APPROVABLE,"candidat nouveau, aucun signal de doublon",false,PASS
20c6bd24-b075-46f3-987f-7b28bba783c8,Saint Louis Higher Institute of Health and Biomedical Sciences,Saint Louis Higher Institute of Health and Biomedical Sciences,Nord-Ouest,,IPES/Université d'Etat,N°05/0010/MINESUP du,"N°06/0056/MINESUP du 02 juin 2006,",https://minesup.gov.cm/?page_id=7805&preview=true,NO_MATCH (fiche détail disponible),,CLEAN_APPROVABLE,"candidat nouveau, aucun signal de doublon",false,PASS
2f80a015-4e54-431b-bf47-dab5faece189,ST Jude’s Higher Institute of Nursing and Biomedical,ST Jude’s Higher Institute of Nursing and Biomedical,Nord-Ouest,,IPES/Université d'Etat,N°07/0135/MINESUP du 21 septembre 2007,N°07/0144/MINESUP du 21 septembre 2007,https://minesup.gov.cm/?page_id=7807&preview=true,NO_MATCH (fiche détail disponible),,CLEAN_APPROVABLE,"candidat nouveau, aucun signal de doublon",false,PASS
732f7580-1189-4dad-a370-9268a2bd64c2,ST Thierry Higher Institute of Health Science and Technology (SHIHSAT),ST Thierry Higher Institute of Health Science and Technology (SHIHSAT),Nord-Ouest,,IPES/Université d'Etat,,,http://www.minesup.gov.cm/web1/web/index.php/st-thierry-higher-institute-of-health-science-and-technology-shihsat/,NO_MATCH (fiche détail disponible),,CLEAN_APPROVABLE,"candidat nouveau, aucun signal de doublon",true,PASS
717072ae-b3f3-40aa-8278-c7ba249de610,Taniform Higher Institute of Learning (THIL),Taniform Higher Institute of Learning (THIL),Nord-Ouest,Bamenda,IPES/Université d'Etat,N°19-04400/L/MINESUP/DDES/ESUP/SSIPES/LMN du 15 avril 2019,N°19-04400/L/MINESUP/DDES/ESUP/SSIPES/LMN du 15 avril 2019,https://minesup.gov.cm/?page_id=7818&preview=true,NO_MATCH (fiche détail disponible),,CLEAN_APPROVABLE,"candidat nouveau, aucun signal de doublon",false,PASS
36a3705c-770b-4f86-baac-e8129c0a73e4,Saint Laurence Higher Institute (SLHI),Saint Laurence Higher Institute (SLHI),NORD-OUEST,BAMENDA/NDOP,IPES/Université d'Etat,N°1708245/L/MINESUP/SG/DDES/ESUP/SDA/DAGS du 09 Août 2017,N°2107/MINESUP/SG/DDES/ESUP/SDA/… du 02 décembre 2021,https://minesup.gov.cm/index.php/saint-laurence-higher-institute-slhi/,NO_MATCH (fiche détail disponible),,CLEAN_APPROVABLE,"candidat nouveau, aucun signal de doublon",true,PASS
31965814-6dba-420e-a64b-95f664ed8f37,Saint Michael Higher Institute of Professional Studies (SHIPS),Saint Michael Higher Institute of Professional Studies (SHIPS),Nord-Ouest,Bamenda,IPES/Université d'Etat,N°19-04625/L/MINESUP/DDES/ESUP/SSIPES/LMN du 17 avril 2019,N°19-04625/L/MINESUP/DDES/ESUP/SSIPES/LMN du 17 avril 2019,https://minesup.gov.cm/?page_id=7821&preview=true,NO_MATCH (fiche détail disponible),,CLEAN_APPROVABLE,"candidat nouveau, aucun signal de doublon",false,PASS
eca6c03c-455a-4eb4-9332-95d4669111a6,Catholic School of Health Sciences Shisong,Catholic School of Health Sciences Shisong,Nord-Ouest,Kumbo (Shisong),IPES/Université d'Etat,N°16-0830/MINESUP/SG/DDES/ESUP du 14 septembre 2016,N°13/0052/MINESUP du  09 janvier 2013,https://minesup.gov.cm/?page_id=7823&preview=true,NO_MATCH (fiche détail disponible),,CLEAN_APPROVABLE,"candidat nouveau, aucun signal de doublon",false,PASS
12138617-9841-4df0-b8b4-156ba5b6bbba,University of Bamenda,University of Bamenda,Nord-Ouest,,IPES/Université d'Etat,,,https://uniba.cm/,NO_MATCH (liste seule),,SOURCE_REVIEW,aucune fiche détail MINESUP disponible pour ce candidat,true,PASS