staging_id,name,identifier_type,identifier,status
f4705c18-d713-4e74-abc4-b2636d918109,Bamenda University Institute of Science and Technology (BUIST),CREATION_ORDER,N°05/0083/MINESUP ; N°05/0084/MINESUP ;  N°05/0085/MINESUP ;  N°05/0086/MINESUP du 07 septembre 2005,SAFE_NEW
f4705c18-d713-4e74-abc4-b2636d918109,Bamenda University Institute of Science and Technology (BUIST),OPENING_AUTHORIZATION,N°05/0088/MINESUP ; N°05/0089/MINESUP ; N°05/0092/MINESUP ;  N°05/0093/MINESUP ;  du 07 septembre 2005.,SAFE_NEW
23f8537b-bf0d-44ca-8569-e043464cb8c5,Baptist Institute of Higher Learning,CREATION_ORDER,19-043372/L/MINESUP/SG/DDES/ESUP/SDA/OAGS du 12 avril 2019,SAFE_NEW
23f8537b-bf0d-44ca-8569-e043464cb8c5,Baptist Institute of Higher Learning,OPENING_AUTHORIZATION,19-043372/L/MINESUP/SG/DDES/ESUP/SDA/OAGS du 12 avril 2019,SAFE_NEW
cf0cc340-6e85-4a1c-8ac4-fb75876d88c6,Capitol Higher Institute of Health Sciences and Beauty Therapy,CREATION_ORDER,N°05/0078/MINESUP du  07 septembre 2005,SAFE_NEW
cf0cc340-6e85-4a1c-8ac4-fb75876d88c6,Capitol Higher Institute of Health Sciences and Beauty Therapy,OPENING_AUTHORIZATION,N°13/0052/MINESUP du  09 janvier 2013,SAFE_NEW
05440cf1-8ad6-4a6b-b530-c644e882d2dc,Catholic University Institute of Bamenda,CREATION_ORDER,N°12/00359/MINESUP  du 06 août 2012,SAFE_NEW
05440cf1-8ad6-4a6b-b530-c644e882d2dc,Catholic University Institute of Bamenda,OPENING_AUTHORIZATION,N°11/0047/MINESUP du 12 janvier 2011,SAFE_NEW
33030456-77a2-4ad6-bcaa-eeca225e1546,Central Higher Institute (CHI),CREATION_ORDER,N°16-10075/L/MINESUP/SG/DDES/ESUP/SDA/OASB du 05 septembre 2016,SAFE_NEW
33030456-77a2-4ad6-bcaa-eeca225e1546,Central Higher Institute (CHI),OPENING_AUTHORIZATION,N°16-10075/L/MINESUP/SG/DDES/ESUP/SDA/OASB du 05 septembre 2016,SAFE_NEW
e64bec3d-a5ad-4744-9808-0598e46d20c0,Christian University Institute,CREATION_ORDER,N°07/0143/MINUP du 21 septembre 2007,SAFE_NEW
e64bec3d-a5ad-4744-9808-0598e46d20c0,Christian University Institute,OPENING_AUTHORIZATION,N°12/0396/MINESUP du 17 août 2012,SAFE_NEW
f8eda3ef-c0d1-4582-a832-df528171a2fd,Fonab Polytechnic,CREATION_ORDER,N°02/0051/MINESUP du,SAFE_NEW
f8eda3ef-c0d1-4582-a832-df528171a2fd,Fonab Polytechnic,OPENING_AUTHORIZATION,N°02/0073/MINESUP du 13/08/2002.,SAFE_NEW
56e97176-8e27-44ba-b5f1-1d2e6f22dee5,Havard Higher Institute of Science and Technology,CREATION_ORDER,N°14/N/02628/MINESUP/SG/DDES/ESUP/SDA/MM du 22 avril 2014,SAFE_NEW
56e97176-8e27-44ba-b5f1-1d2e6f22dee5,Havard Higher Institute of Science and Technology,OPENING_AUTHORIZATION,N°14/N/02628/MINESUP/SG/DDES/ESUP/SDA/MM du 22 avril 2014,SAFE_NEW
94b3607e-5354-4e8b-bb61-1da9ecf8ff23,Higher Institute for Business and management Sciences,CREATION_ORDER,N°06/0050/MINESUP du 02 juin 2006,SAFE_NEW
94b3607e-5354-4e8b-bb61-1da9ecf8ff23,Higher Institute for Business and management Sciences,OPENING_AUTHORIZATION,N°12/0393/MINESUP du 17 août 2012,SAFE_NEW
332cde68-1f88-4eb5-bf50-96cae4b1f322,Higher Institute for Professional Development and Training (HIPDET),CREATION_ORDER,N°16-13298/N/MINESUP/DDES/ESUP/SDA/NJN/ebm du 08décembre 2016,SAFE_NEW
332cde68-1f88-4eb5-bf50-96cae4b1f322,Higher Institute for Professional Development and Training (HIPDET),OPENING_AUTHORIZATION,N°16-13298/N/MINESUP/DDES/ESUP/SDA/NJN/ebm du 08décembre 2016,SAFE_NEW
39d6a1ab-329c-446f-b2cf-ca35202ebbf3,Higher Institute of Professionalism and Technology (HIPT),CREATION_ORDER,N°17-08144/L/MINESUP/DDES/ESUP/SDA/MM du 04 août 2017,SAFE_NEW
39d6a1ab-329c-446f-b2cf-ca35202ebbf3,Higher Institute of Professionalism and Technology (HIPT),OPENING_AUTHORIZATION,N°17-08144/L/MINESUP/DDES/ESUP/SDA/MM du 04 août 2017,SAFE_NEW
5ce1ddb8-eff8-44dc-9aed-e6d5fc8a59b6,International University of Bamenda,CREATION_ORDER,N°11/00507/MINESUP/SG/DDES du,SAFE_NEW
5ce1ddb8-eff8-44dc-9aed-e6d5fc8a59b6,International University of Bamenda,OPENING_AUTHORIZATION,N°12/0363/MINESUP du 17 août 2012,SAFE_NEW
c50e1225-cf84-4e9b-b0c6-0b1095b0ab8b,Jomatt Polytechnic Institute of Education,CREATION_ORDER,N°16-07755/N/MINESUP/SG/DDES/ESUP/SDA/NJN/ebm du 19 juillet 2016,SAFE_NEW
c50e1225-cf84-4e9b-b0c6-0b1095b0ab8b,Jomatt Polytechnic Institute of Education,OPENING_AUTHORIZATION,N°16-07755/N/MINESUP/SG/DDES/ESUP/SDA/NJN/ebm du 19 juillet 2016,SAFE_NEW
c92fec8b-4166-4990-8d8b-ef8194505480,Laureate Higher Institute of Business and Administration (LAHIBA),CREATION_ORDER,N°13/0400/MINESUP/SG/DDES of 10 septembre 2013,SAFE_NEW
c92fec8b-4166-4990-8d8b-ef8194505480,Laureate Higher Institute of Business and Administration (LAHIBA),OPENING_AUTHORIZATION,N°14/0395/MINESUP/SG/DDES/ du 04 juillet 2014,SAFE_NEW
9cb81063-6c34-4997-8053-356e9a3bdc80,"National Higher Institute of Business, Tourism and Hotel Management (NAHIBUTH)",CREATION_ORDER,N°17-07437/L/MINESUP/SG/DDES/ESUP/SDA/OAGS du 12 juillet 2017,SAFE_NEW
9cb81063-6c34-4997-8053-356e9a3bdc80,"National Higher Institute of Business, Tourism and Hotel Management (NAHIBUTH)",OPENING_AUTHORIZATION,N°17-07437/L/MINESUP/SG/DDES/ESUP/SDA/OAGS du 12 juillet 2017,SAFE_NEW
09de0337-4fa9-44d0-9584-08cf5cfb779f,National Polytechnic University Institute (NPUI),CREATION_ORDER,N°02/0053/MINESUP du,SAFE_NEW
09de0337-4fa9-44d0-9584-08cf5cfb779f,National Polytechnic University Institute (NPUI),OPENING_AUTHORIZATION,N°02/0074/MINESUP du 13 août 2002 complétée par l’arrêté N°06/0059/MINESUP du 02 juin 2006,SAFE_NEW
22021e99-1aee-4d7a-a964-e7b6a5cc8a88,"Paul Nkwi Higher Institute of Management, Science, Arts and Technology (PN-HIMSAT)",CREATION_ORDER,N°17-08215/L/MINESUP/SG/DDES/ESUP/SDA/OPC du 08 août 2017,SAFE_NEW
22021e99-1aee-4d7a-a964-e7b6a5cc8a88,"Paul Nkwi Higher Institute of Management, Science, Arts and Technology (PN-HIMSAT)",OPENING_AUTHORIZATION,N°17-08215/L/MINESUP/SG/DDES/ESUP/SDA/OPC du 08 août 2017,SAFE_NEW
baaa34bc-c47c-45be-975e-6bd35854b142,Pauls’s Computer Higher Institute of Technology (PC-HITECH),CREATION_ORDER,N°15/00760/MINESUP/SG/DDES/ESUP/SDA/NJN du 30 janvier 2015,SAFE_NEW
baaa34bc-c47c-45be-975e-6bd35854b142,Pauls’s Computer Higher Institute of Technology (PC-HITECH),OPENING_AUTHORIZATION,N°15/00760/MINESUP/SG/DDES/ESUP/SDA/NJN du 30 janvier 2015,SAFE_NEW
207d940b-48c0-4851-8e12-61bc873e9fb6,Pyramid Higher Institute of Professional Studies,CREATION_ORDER,N°13/0402/MINESUP/SG/DDES du 10 septembre 2013,SAFE_NEW
207d940b-48c0-4851-8e12-61bc873e9fb6,Pyramid Higher Institute of Professional Studies,OPENING_AUTHORIZATION,N°06/0056/MINESUP du 02 juin 2006.,SAFE_NEW
20c6bd24-b075-46f3-987f-7b28bba783c8,Saint Louis Higher Institute of Health and Biomedical Sciences,CREATION_ORDER,N°05/0010/MINESUP du,SAFE_NEW
20c6bd24-b075-46f3-987f-7b28bba783c8,Saint Louis Higher Institute of Health and Biomedical Sciences,OPENING_AUTHORIZATION,"N°06/0056/MINESUP du 02 juin 2006,",SAFE_NEW
2f80a015-4e54-431b-bf47-dab5faece189,ST Jude’s Higher Institute of Nursing and Biomedical,CREATION_ORDER,N°07/0135/MINESUP du 21 septembre 2007,SAFE_NEW
2f80a015-4e54-431b-bf47-dab5faece189,ST Jude’s Higher Institute of Nursing and Biomedical,OPENING_AUTHORIZATION,N°07/0144/MINESUP du 21 septembre 2007,SAFE_NEW
717072ae-b3f3-40aa-8278-c7ba249de610,Taniform Higher Institute of Learning (THIL),CREATION_ORDER,N°19-04400/L/MINESUP/DDES/ESUP/SSIPES/LMN du 15 avril 2019,SAFE_NEW
717072ae-b3f3-40aa-8278-c7ba249de610,Taniform Higher Institute of Learning (THIL),OPENING_AUTHORIZATION,N°19-04400/L/MINESUP/DDES/ESUP/SSIPES/LMN du 15 avril 2019,SAFE_NEW
36a3705c-770b-4f86-baac-e8129c0a73e4,Saint Laurence Higher Institute (SLHI),CREATION_ORDER,N°1708245/L/MINESUP/SG/DDES/ESUP/SDA/DAGS du 09 Août 2017,SAFE_NEW
36a3705c-770b-4f86-baac-e8129c0a73e4,Saint Laurence Higher Institute (SLHI),OPENING_AUTHORIZATION,N°2107/MINESUP/SG/DDES/ESUP/SDA/… du 02 décembre 2021,SAFE_NEW
31965814-6dba-420e-a64b-95f664ed8f37,Saint Michael Higher Institute of Professional Studies (SHIPS),CREATION_ORDER,N°19-04625/L/MINESUP/DDES/ESUP/SSIPES/LMN du 17 avril 2019,SAFE_NEW
31965814-6dba-420e-a64b-95f664ed8f37,Saint Michael Higher Institute of Professional Studies (SHIPS),OPENING_AUTHORIZATION,N°19-04625/L/MINESUP/DDES/ESUP/SSIPES/LMN du 17 avril 2019,SAFE_NEW
eca6c03c-455a-4eb4-9332-95d4669111a6,Catholic School of Health Sciences Shisong,CREATION_ORDER,N°16-0830/MINESUP/SG/DDES/ESUP du 14 septembre 2016,SAFE_NEW
eca6c03c-455a-4eb4-9332-95d4669111a6,Catholic School of Health Sciences Shisong,OPENING_AUTHORIZATION,N°13/0052/MINESUP du  09 janvier 2013,SAFE_NEW