sequence,region,school_name_source_a_current_extraction,school_name_source_b_alternate,comparison_status,note
1,Adamaoua,ECOLE PRIVEE DE FORMATION DES PROFESSIONNELS DE LA SANTE DE MEIGANGA,,NOT_APPLICABLE_NO_EXTERNAL_SOURCE_FOUND,"Aucune source Tier 1/2 externe alternative localisee ce sprint pour Imagerie Medicale (voir minsante-i2-source-search.json) — comparaison A/B impossible, seule la source A (PDF pinne) existe."
2,Centre,CENTRE DE FORMATION DU PERSONNEL PARAMEDICAL (CFPP) DE YAOUNDE,,NOT_APPLICABLE_NO_EXTERNAL_SOURCE_FOUND,"Aucune source Tier 1/2 externe alternative localisee ce sprint pour Imagerie Medicale (voir minsante-i2-source-search.json) — comparaison A/B impossible, seule la source A (PDF pinne) existe."
3,Centre,ECOLE DES SCIENCES DE LA SANTE « LE PHENIX » DE SOA,,NOT_APPLICABLE_NO_EXTERNAL_SOURCE_FOUND,"Aucune source Tier 1/2 externe alternative localisee ce sprint pour Imagerie Medicale (voir minsante-i2-source-search.json) — comparaison A/B impossible, seule la source A (PDF pinne) existe."
4,Centre,"ECOLE PRIVEE DE FORMATION DES PERSONNELS DE SANTE ""MBIDA VALERIEN"" D'OBALA",,NOT_APPLICABLE_NO_EXTERNAL_SOURCE_FOUND,"Aucune source Tier 1/2 externe alternative localisee ce sprint pour Imagerie Medicale (voir minsante-i2-source-search.json) — comparaison A/B impossible, seule la source A (PDF pinne) existe."
5,Centre,"ECOLE PRIVEE DE RADIOLOGIE ""DORCAS"" DE YAOUNDE",,NOT_APPLICABLE_NO_EXTERNAL_SOURCE_FOUND,"Aucune source Tier 1/2 externe alternative localisee ce sprint pour Imagerie Medicale (voir minsante-i2-source-search.json) — comparaison A/B impossible, seule la source A (PDF pinne) existe."
6,Centre,ECOLE PRIVEE PARAMEDICALE DE BALAMBA,,NOT_APPLICABLE_NO_EXTERNAL_SOURCE_FOUND,"Aucune source Tier 1/2 externe alternative localisee ce sprint pour Imagerie Medicale (voir minsante-i2-source-search.json) — comparaison A/B impossible, seule la source A (PDF pinne) existe."
7,Centre,INSTITUT DE FORMATION DES PERSONNELS DE LA SANTE NAKOMA ACADEMY DE MBALMAYO,,NOT_APPLICABLE_NO_EXTERNAL_SOURCE_FOUND,"Aucune source Tier 1/2 externe alternative localisee ce sprint pour Imagerie Medicale (voir minsante-i2-source-search.json) — comparaison A/B impossible, seule la source A (PDF pinne) existe."
8,Centre,INSTITUT DE FORMATION DES PERSONNELS SPECIALISES EN SANTE (IFOPESS) - MFOU,,NOT_APPLICABLE_NO_EXTERNAL_SOURCE_FOUND,"Aucune source Tier 1/2 externe alternative localisee ce sprint pour Imagerie Medicale (voir minsante-i2-source-search.json) — comparaison A/B impossible, seule la source A (PDF pinne) existe."
9,Centre,"INSTITUT DES SCIENCES DE LA SANTE ""SAINT CHRISTOPHE"" (ISSSC) D'EBOLMEDZOM - NKOABANG",,NOT_APPLICABLE_NO_EXTERNAL_SOURCE_FOUND,"Aucune source Tier 1/2 externe alternative localisee ce sprint pour Imagerie Medicale (voir minsante-i2-source-search.json) — comparaison A/B impossible, seule la source A (PDF pinne) existe."
10,Centre,INSTITUT DES SCIENCES MEDICALES DE YAOUNDE,,NOT_APPLICABLE_NO_EXTERNAL_SOURCE_FOUND,"Aucune source Tier 1/2 externe alternative localisee ce sprint pour Imagerie Medicale (voir minsante-i2-source-search.json) — comparaison A/B impossible, seule la source A (PDF pinne) existe."
11,Centre,INSTITUT PANAFRICAIN DE FORMATION PARAMEDICALE (IPAF-PM) DE YAOUNDE,,NOT_APPLICABLE_NO_EXTERNAL_SOURCE_FOUND,"Aucune source Tier 1/2 externe alternative localisee ce sprint pour Imagerie Medicale (voir minsante-i2-source-search.json) — comparaison A/B impossible, seule la source A (PDF pinne) existe."
12,Centre,INSTITUT PRIVE DE FORMATION DES PERSONNELS SANITAIRES SAINT JOEL DE YAOUNDE,,NOT_APPLICABLE_NO_EXTERNAL_SOURCE_FOUND,"Aucune source Tier 1/2 externe alternative localisee ce sprint pour Imagerie Medicale (voir minsante-i2-source-search.json) — comparaison A/B impossible, seule la source A (PDF pinne) existe."
13,Centre,INSTITUT PRIVE DE FORMATION MEDICO-SANITAIRE AGORA HEALTH LEKIE CENTRE D'ELIG-MFOMO,,NOT_APPLICABLE_NO_EXTERNAL_SOURCE_FOUND,"Aucune source Tier 1/2 externe alternative localisee ce sprint pour Imagerie Medicale (voir minsante-i2-source-search.json) — comparaison A/B impossible, seule la source A (PDF pinne) existe."
14,Centre,INSTITUT SUPERIEUR DE TECHNOLOGIE APPLIQUEE DE GESTION (ISTAG) DE YAOUNDE,,NOT_APPLICABLE_NO_EXTERNAL_SOURCE_FOUND,"Aucune source Tier 1/2 externe alternative localisee ce sprint pour Imagerie Medicale (voir minsante-i2-source-search.json) — comparaison A/B impossible, seule la source A (PDF pinne) existe."
15,Centre,INSTITUT SUPERIEUR DES SCIENCES DE LA SANTE DE ZALOM-MFOU,,NOT_APPLICABLE_NO_EXTERNAL_SOURCE_FOUND,"Aucune source Tier 1/2 externe alternative localisee ce sprint pour Imagerie Medicale (voir minsante-i2-source-search.json) — comparaison A/B impossible, seule la source A (PDF pinne) existe."
16,Centre,INSTITUT SUPERIEUR DES SCIENCES ET DES TECHNOLOGIES ISST LA SAPIENCE,,NOT_APPLICABLE_NO_EXTERNAL_SOURCE_FOUND,"Aucune source Tier 1/2 externe alternative localisee ce sprint pour Imagerie Medicale (voir minsante-i2-source-search.json) — comparaison A/B impossible, seule la source A (PDF pinne) existe."
17,Est,INSTITUT PRIVE FANG DE MESSAMENA,,NOT_APPLICABLE_NO_EXTERNAL_SOURCE_FOUND,"Aucune source Tier 1/2 externe alternative localisee ce sprint pour Imagerie Medicale (voir minsante-i2-source-search.json) — comparaison A/B impossible, seule la source A (PDF pinne) existe."
18,Extrême-Nord,INSTITUT DE FORMATION EN SANTE DE MAROUA,,NOT_APPLICABLE_NO_EXTERNAL_SOURCE_FOUND,"Aucune source Tier 1/2 externe alternative localisee ce sprint pour Imagerie Medicale (voir minsante-i2-source-search.json) — comparaison A/B impossible, seule la source A (PDF pinne) existe."
19,Littoral,"COMPLEXE PRIVE DE FORMATION DU PERSONNEL MEDICO-SANITAIRE ""ALPHA OMEGA"" DE NDOUNGUE",,NOT_APPLICABLE_NO_EXTERNAL_SOURCE_FOUND,"Aucune source Tier 1/2 externe alternative localisee ce sprint pour Imagerie Medicale (voir minsante-i2-source-search.json) — comparaison A/B impossible, seule la source A (PDF pinne) existe."
20,Littoral,ECOLE DE FORMATION DES PERSONNELS DE SANTE FONDATION BOBUIN DE DOUALA,,NOT_APPLICABLE_NO_EXTERNAL_SOURCE_FOUND,"Aucune source Tier 1/2 externe alternative localisee ce sprint pour Imagerie Medicale (voir minsante-i2-source-search.json) — comparaison A/B impossible, seule la source A (PDF pinne) existe."
21,Littoral,ECOLE INTERNATIONALE PARAMEDICALE DE DOUALA (EPID),,NOT_APPLICABLE_NO_EXTERNAL_SOURCE_FOUND,"Aucune source Tier 1/2 externe alternative localisee ce sprint pour Imagerie Medicale (voir minsante-i2-source-search.json) — comparaison A/B impossible, seule la source A (PDF pinne) existe."
22,Littoral,"ECOLE PRIVEE ""SANTE SANS FRONTIERE"" DE LA SANAGA MARITIME D'EDEA",,NOT_APPLICABLE_NO_EXTERNAL_SOURCE_FOUND,"Aucune source Tier 1/2 externe alternative localisee ce sprint pour Imagerie Medicale (voir minsante-i2-source-search.json) — comparaison A/B impossible, seule la source A (PDF pinne) existe."
23,Littoral,ECOLE PRIVEE DE FORMATION DES PERSONNELS SANITAIRES (EFPSA) DE DOUALA,,NOT_APPLICABLE_NO_EXTERNAL_SOURCE_FOUND,"Aucune source Tier 1/2 externe alternative localisee ce sprint pour Imagerie Medicale (voir minsante-i2-source-search.json) — comparaison A/B impossible, seule la source A (PDF pinne) existe."
24,Littoral,ECOLE PRIVEE DE FORMATION DES PROFESSIONNELS DE SANTE DE BWANG DOUALA,,NOT_APPLICABLE_NO_EXTERNAL_SOURCE_FOUND,"Aucune source Tier 1/2 externe alternative localisee ce sprint pour Imagerie Medicale (voir minsante-i2-source-search.json) — comparaison A/B impossible, seule la source A (PDF pinne) existe."
25,Littoral,ECOLE PRIVEE FONDATION JEUGEUVOU FOWANG DE DOUALA,,NOT_APPLICABLE_NO_EXTERNAL_SOURCE_FOUND,"Aucune source Tier 1/2 externe alternative localisee ce sprint pour Imagerie Medicale (voir minsante-i2-source-search.json) — comparaison A/B impossible, seule la source A (PDF pinne) existe."
26,Littoral,INSTITUT DES SCIENCES DE LA SANTE INNOVANTES DE DOUALA,,NOT_APPLICABLE_NO_EXTERNAL_SOURCE_FOUND,"Aucune source Tier 1/2 externe alternative localisee ce sprint pour Imagerie Medicale (voir minsante-i2-source-search.json) — comparaison A/B impossible, seule la source A (PDF pinne) existe."
27,Nord,ECOLE DE FORMATION DES PERSONNELS DE SANTE DE GUIDER (EFOPSAG),,NOT_APPLICABLE_NO_EXTERNAL_SOURCE_FOUND,"Aucune source Tier 1/2 externe alternative localisee ce sprint pour Imagerie Medicale (voir minsante-i2-source-search.json) — comparaison A/B impossible, seule la source A (PDF pinne) existe."
28,Ouest,ECOLE DES METIERS DE LA SANTE DE BAMOUGOUM,,NOT_APPLICABLE_NO_EXTERNAL_SOURCE_FOUND,"Aucune source Tier 1/2 externe alternative localisee ce sprint pour Imagerie Medicale (voir minsante-i2-source-search.json) — comparaison A/B impossible, seule la source A (PDF pinne) existe."
29,Ouest,ECOLE DES SCIENCES DE LA SANTE DE L'INSTITUT SUPERIEUR DE BAFANG ECOLE PRIVEE DE FORMATION DES PERSONNELS DE SANTE FONDATION SAINT MAURICE DE BAFOUSSAM,,SOURCE_A_INTERNAL_SPLIT_CORROBORATED,"Fusion de 2 lignes détectée par cross-référence interne au document pinné lui-même (pas une source B externe) — voir merge_risk_analysis dans ce même fichier. Ligne réelle = 2 écoles : ""ECOLE DES SCIENCES DE LA SANTE DE L'INSTITUT SUPERIEUR DE BAFANG"" (vue dans Analyses Médicales|Infirmiers|Kinésithérapie|Odontostomatologie|Sages-femmes/Maïeuticiens) + ""ECOLE PRIVEE DE FORMATION DES PERSONNELS DE SANTE FONDATION SAINT MAURICE DE BAFOUSSAM"" (vue dans Infirmiers)."
30,Ouest,INSTITUT DES SCIENCES MEDICO-SANITAIRES LES ARGUS DE BANDJOUN,,NOT_APPLICABLE_NO_EXTERNAL_SOURCE_FOUND,"Aucune source Tier 1/2 externe alternative localisee ce sprint pour Imagerie Medicale (voir minsante-i2-source-search.json) — comparaison A/B impossible, seule la source A (PDF pinne) existe."