official_id,official_name,region,locality,category,locality_status,review_required,source
5CC1GSFD102014103,CES de METEP,CENTRE,METEP,secondary_general,VALID,NO,MINESEC
5CC1GSFD110596107,Lyce de BIBEY,CENTRE,MPANANG,secondary_general,VALID,NO,MINESEC
5CE1GSFD100766112,CES d'ENDOUMDANE,CENTRE,,secondary_general,MISSING,NO,MINESEC
5CE1GSFD100593111,CES de ZOA,CENTRE,,secondary_general,MISSING,NO,MINESEC
5CE1GSFD110124108,Lyce de BANA-ONDOM,CENTRE,Bana-ondom,secondary_general,VALID,NO,MINESEC
5CE1GSFD110541109,Lyce de LEMBE-YEZOUM,CENTRE,1 er degre,secondary_general,CLEARLY_INVALID,YES,MINESEC
5CH1GSFD102443109,CES de NDJORE,CENTRE,,secondary_general,MISSING,NO,MINESEC
5CH1GSBD110468106,Lyce Bilingue de MBANDJOCK,CENTRE,,secondary_general,MISSING,NO,MINESEC
5CH1GSFD110137113,Lyce de MBANDJOCK,CENTRE,2e DEGRE,secondary_general,CLEARLY_INVALID,YES,MINESEC
5CI1GSFD102464099,CES de MEKON II,CENTRE,MEKON II,secondary_general,VALID,NO,MINESEC
5CI1GSFD100114108,CES de NGO'O,CENTRE,,secondary_general,MISSING,NO,MINESEC
5CI1GSFD100480106,CES de VELA,CENTRE,VELA,secondary_general,VALID,NO,MINESEC
5CI1GSBD112087112,Lyce Bilingue de MINTA,CENTRE,Minta,secondary_general,VALID,NO,MINESEC
5CI1GSFD110426111,Lyce de WALL,CENTRE,,secondary_general,MISSING,NO,MINESEC
5CJ1GSFD101886104,CES d'OUASSA-BAMVELE,CENTRE,3e degre Oussa Bamvele,secondary_general,NEEDS_REVIEW,YES,MINESEC
5CJ1GSFD100415107,CES de BIBOA,CENTRE,,secondary_general,MISSING,NO,MINESEC
5CJ1GSFD100378107,CES de DEA,CENTRE,CHEFFERIE DE DEA,secondary_general,POSSIBLE_REAL_LOCALITY,NO,MINESEC
5CJ1GSBD112195111,Lyce Bilingue de NANGA-EBOKO,CENTRE,3me DEGRE,secondary_general,CLEARLY_INVALID,YES,MINESEC
5CJ1GSFD111355078,Lyce Classique de NANGA-EBOKO,CENTRE,,secondary_general,MISSING,NO,MINESEC
5CJ1GSFD110432114,Lyce de NANGA-EBOKO-RURAL,CENTRE,NGUINDAL,secondary_general,VALID,NO,MINESEC
5CK1GSFD101633112,CES de CAMP-NANGAH,CENTRE,,secondary_general,MISSING,NO,MINESEC
5CK1GSBD110390109,Lyce Bilingue de NKOTENG,CENTRE,,secondary_general,MISSING,NO,MINESEC
5CK1GSFD111673096,Lyce de NKOTENG,CENTRE,3me DEGRE,secondary_general,CLEARLY_INVALID,YES,MINESEC
5CL1GSFD110015112,Lyce de NSEM,CENTRE,,secondary_general,MISSING,NO,MINESEC
5EC1GSFD102379110,CES d'ELON,CENTRE,ELON,secondary_general,VALID,NO,MINESEC
5EC1GSFD110571100,Lyce de BATSCHENGA,CENTRE,EMANA,secondary_general,VALID,NO,MINESEC
5EE1GSFD100668107,CES de KOAN,CENTRE,KOAN,secondary_general,VALID,NO,MINESEC
5EE1GSFD100863110,CES de LEKA,CENTRE,LEKA,secondary_general,VALID,NO,MINESEC
5EE1GSFD101075109,CES de NKANG-EFOK,CENTRE,BENYABEGA,secondary_general,VALID,NO,MINESEC
5EE1GSFD101942112,CES de NKOM,CENTRE,NKOM,secondary_general,VALID,NO,MINESEC
5EE1GSFD112081101,Lyce d'EBEBDA,CENTRE,EBEBDA II,secondary_general,VALID,NO,MINESEC
5EH1GSFD112402105,Lyce d'ELIG-MFOMO,CENTRE,ELIG-MFOMO,secondary_general,VALID,NO,MINESEC
5EH1GSFD110860112,Lyce de KOKODO,CENTRE,OUI,secondary_general,CLEARLY_INVALID,YES,MINESEC
5EH1GSFD110627111,Lyce de NIGA,CENTRE,NIGA,secondary_general,VALID,NO,MINESEC
5EI1GSFD101079110,CES de KOMO-EVODOULA,CENTRE,KOMO,secondary_general,VALID,NO,MINESEC
5EI1GSFD100585109,CES de NLOUDOU,CENTRE,NLOUDOU,secondary_general,VALID,NO,MINESEC
5EI1GSBD111909115,Lyce Bilingue d'EVODOULA,CENTRE,Accueil,secondary_general,VALID,NO,MINESEC
5EI1GSFD111913112,Lyce de NKOLASSA,CENTRE,NKOLASSA,secondary_general,VALID,NO,MINESEC
5EI1GSFD112406111,Lyce de NKOLKOUGDA,CENTRE,NKOLKOUGDA,secondary_general,VALID,NO,MINESEC
5EI1GSFD110176111,Lyce de PONGSOLO,CENTRE,PONGSOLO,secondary_general,VALID,NO,MINESEC
5EJ1GSFD101063110,CES d'EKEKAM III,CENTRE,,secondary_general,MISSING,NO,MINESEC
5EJ1GSFD100844111,CES de NKOLMEYANG-LOBO,CENTRE,,secondary_general,MISSING,NO,MINESEC
5EJ1GSFD111068108,Lyce de LOBO,CENTRE,LOBO,secondary_general,VALID,NO,MINESEC
5EJ1GSFD112136099,Lyce Moderne de NLONG,CENTRE,NLONG,secondary_general,VALID,NO,MINESEC
5EK1GSFD102359110,CES D'ELIG-AMBASSA,CENTRE,,secondary_general,MISSING,NO,MINESEC
5EK1GSFD102362110,CES de KOUGOUDA-CENTRE,CENTRE,Kougouda-centre,secondary_general,VALID,NO,MINESEC
5EK1GSBD102460112,Lyce Bilingue de MONATELE,CENTRE,NGONG-MESSA,secondary_general,VALID,NO,MINESEC
5EK1GSFD110163112,Lyce de MONABO,CENTRE,Monabo,secondary_general,VALID,NO,MINESEC
5EK1GSFD112455078,Lyce de MONATELE,CENTRE,INDICK,secondary_general,VALID,NO,MINESEC
5EK1GSFD111867112,Lyce de MONATELE II,CENTRE,MONATELE II,secondary_general,VALID,NO,MINESEC
5EL1GSFD102434109,CES d'ELIG-NGOMO,CENTRE,Elig ngomo,secondary_general,VALID,NO,MINESEC
5EL1GSFD100133109,CES d'ELIG-NKOUMA,CENTRE,ELIG-NKOUMA I,secondary_general,VALID,NO,MINESEC
5EL1GSFD102447106,CES d'ESSONG (Obala),CENTRE,ESSONG,secondary_general,VALID,NO,MINESEC
5EL1GSFD102441111,CES de MBELLE I,CENTRE,MBELE I,secondary_general,VALID,NO,MINESEC
5EL1GSFD100193106,CES de NTUISSONG-OBALA,CENTRE,NKOLTOMO I,secondary_general,VALID,NO,MINESEC
5EL1GSBD110715109,Lyce Bilingue d'OBALA,CENTRE,Abokono,secondary_general,VALID,NO,MINESEC
5EL1GSFD110185111,Lyce d'EFOK,CENTRE,EFOK,secondary_general,VALID,NO,MINESEC
5EL1GSFD110363111,Lyce d'EZEZANG-MENDOUM,CENTRE,EZEZANG-MENDOUM,secondary_general,VALID,NO,MINESEC
5EL1GSFD112458074,Lyce d'OBALA,CENTRE,ABOKONO,secondary_general,VALID,NO,MINESEC
5EL1GSFD110377112,Lyce de KOUDANDENG,CENTRE,KOUDANDENG,secondary_general,VALID,NO,MINESEC
5EL1GSFD110311110,Lyce de MINKAMA,CENTRE,Minkama 6,secondary_general,VALID,NO,MINESEC
5EL1GSFD110340097,Lyce de NKOMOTOU,CENTRE,Nkomotou III,secondary_general,VALID,NO,MINESEC
5EL1GSFD110017109,Lyce de YEMESSOA I,CENTRE,YEMESSOA I,secondary_general,VALID,NO,MINESEC
5EM1GSFD100806109,CES d'EKABITA-TOM,CENTRE,EKABITA-TOM,secondary_general,VALID,NO,MINESEC
5EM1GSFD102454109,CES d'OKOUKOUDA,CENTRE,Okoukouda,secondary_general,VALID,NO,MINESEC
5EM1GSFD102420111,CES de BITSINGDA,CENTRE,MBELEKIE,secondary_general,VALID,NO,MINESEC
5EM1GSFD102423111,CES de MINSOA I,CENTRE,MINSOA I,secondary_general,VALID,NO,MINESEC
5EM1GSFD102386112,CES de NGOYA II,CENTRE,NGOYA II,secondary_general,VALID,NO,MINESEC
5EM1GSFD102451112,CES de NKOLAKIE,CENTRE,,secondary_general,MISSING,NO,MINESEC
5EM1GSFD102429112,CES de NKOLEKOTSING,CENTRE,NKOLEKOTSING,secondary_general,VALID,NO,MINESEC
5EM1GSFD100792109,CES de VOA II,CENTRE,Oui,secondary_general,CLEARLY_INVALID,YES,MINESEC
5EM1GSFD110122091,Lyce d'OKOLA,CENTRE,MVOG-NAMA,secondary_general,VALID,NO,MINESEC
5EM1GSFD110549111,Lyce de NKOLPOBLO,CENTRE,NKOLPOBLO,secondary_general,VALID,NO,MINESEC
5EM1GSFD112245109,Lyce de NTUISSONG-OKOLA,CENTRE,NTUISSONG-OKOLA,secondary_general,VALID,NO,MINESEC
5EM1GSFD110103106,Lyce de ZAMENGOUE,CENTRE,NGOYA,secondary_general,VALID,NO,MINESEC
5EN1GSFD102366109,CES d'ONDONDO I,CENTRE,ONDONDO I,secondary_general,VALID,NO,MINESEC
5EN1GSFD100139110,CES de NKOLBOGO I,CENTRE,NKOLBOGO,secondary_general,VALID,NO,MINESEC
5EN1GSFD100160106,CES de NKOLZOA I,CENTRE,NKOLZOA I,secondary_general,VALID,NO,MINESEC
5EN1GSFD100127107,CES de NLONGZOG,CENTRE,ENGAP,secondary_general,VALID,NO,MINESEC
5EN1GSFD100736108,CES de POLO,CENTRE,POLO,secondary_general,VALID,NO,MINESEC
5EN1GSBD100778113,Lyce Bilingue de SA'A,CENTRE,ELIG-ZOGO,secondary_general,VALID,NO,MINESEC
5EN1GSFD112179100,Lyce d'EKEKOM,CENTRE,EKEKOM,secondary_general,VALID,NO,MINESEC
5EN1GSFD110769115,Lyce de MENGAMA,CENTRE,,secondary_general,MISSING,NO,MINESEC
5EN1GSFD112128110,Lyce de NKOL-EBASSIMBI,CENTRE,Nkol-Ebassimbi,secondary_general,VALID,NO,MINESEC
5EN1GSFD111938106,Lyce de NKOLVE,CENTRE,NKOLVE,secondary_general,VALID,NO,MINESEC
5EN1GSFD112395091,Lyce de SA'A,CENTRE,SA'A,secondary_general,VALID,NO,MINESEC
5HC1GSFD100893109,CES de DONENKENG,CENTRE,WALO,secondary_general,VALID,NO,MINESEC
5HC1GSFD101873111,CES de LABLE,CENTRE,3e dgr LABLE,secondary_general,VALID,NO,MINESEC
5HC1GSFD100920104,CES de MERENG,CENTRE,Goufan 1,secondary_general,VALID,NO,MINESEC
5HC1GSFD102850115,CES de RIMIS-BAFIA,CENTRE,RIMIS,secondary_general,VALID,NO,MINESEC
5HC1GSBD111839105,Lyce Bilingue de BAFIA,CENTRE,RIMIS,secondary_general,VALID,NO,MINESEC
5HC1GSFD112342106,Lyce Classique et Moderne de BAFIA,CENTRE,BIABEZOK,secondary_general,VALID,NO,MINESEC
5HE1GSFD102851115,CES d'EDIOLOMO,CENTRE,EDIOLOMO,secondary_general,VALID,NO,MINESEC
5HH1GSFD100136105,CES de BANGONG,CENTRE,BISSIA,secondary_general,VALID,NO,MINESEC
5HE1GSFD102690114,CES de BEGNI,CENTRE,BEGNI,secondary_general,VALID,NO,MINESEC
5HE1GSFD100850111,CES de BOKAGA II,CENTRE,3e degre,secondary_general,CLEARLY_INVALID,YES,MINESEC
5HE1GSFD101052110,CES de GUEFIGUE,CENTRE,GUEFIGUE,secondary_general,VALID,NO,MINESEC
5HE1GSFD100402113,CES de TCHEKOS,CENTRE,Tchekos,secondary_general,VALID,NO,MINESEC
5HE1GSBD111897115,Lyce Bilingue de BOKITO,CENTRE,BOKITO-VILLE N 1,secondary_general,VALID,NO,MINESEC
5HE1GSFD110826111,Lyce de BALAMBA,CENTRE,BALAMBA 1,secondary_general,VALID,NO,MINESEC
5HE1GSFD110592111,Lyce de YANGBEN,CENTRE,Yangben,secondary_general,VALID,NO,MINESEC
5HH1GSFD100540110,CES de BOKO,CENTRE,BOKO,secondary_general,VALID,NO,MINESEC
5HH1GSFD110385110,Lyce de DEUK,CENTRE,DEUK CENTRE,secondary_general,VALID,NO,MINESEC
5HI1GSBD103234120,CES Bilingue de KIIKI,CENTRE,,secondary_general,MISSING,NO,MINESEC
5HI1GSFD100118110,CES de BEP,CENTRE,BEP,secondary_general,VALID,NO,MINESEC
5HI1GSFD100383109,CES de BITANG,CENTRE,BITANG,secondary_general,VALID,NO,MINESEC
5HI1GSFD101969110,CES de GBARAM-YAKAN,CENTRE,Kiiki,secondary_general,VALID,NO,MINESEC
5HI1GSFD110364107,Lyce de MOUKO,CENTRE,MOUKO,secondary_general,VALID,NO,MINESEC
5HJ1GSFD102445109,CES de BAPE,CENTRE,BAPE,secondary_general,VALID,NO,MINESEC
5HJ1GSFD100112097,CES de BAYOMEN,CENTRE,BAYOMEN,secondary_general,VALID,NO,MINESEC
5HJ1GSFD101965100,CES DE BONECK,CENTRE,BONECK,secondary_general,VALID,NO,MINESEC
5HJ1GSFD110451113,Lyce de KON-YAMBETTA,CENTRE,KON,secondary_general,VALID,NO,MINESEC
5HK1GSBD103235120,CES Bilingue de MAKENENE-EST,CENTRE,,secondary_general,MISSING,NO,MINESEC
5HK1GSBD102369112,Lyce Bilingue de MAKENENE,CENTRE,BARRIERE,secondary_general,VALID,NO,MINESEC
5HK1GSFD110404097,Lyce de MAKENENE,CENTRE,MOCK SUD,secondary_general,VALID,NO,MINESEC
5HK1GSFD110446112,Lyce de NYOKON,CENTRE,Nyokon I,secondary_general,VALID,NO,MINESEC
5HL1GSFD100482108,CES de NDIKOKO,CENTRE,NDIKOKO,secondary_general,VALID,NO,MINESEC
5HL1GSFD101960102,CES de NDOKOWANEN,CENTRE,NDOKOWANEN,secondary_general,VALID,NO,MINESEC
5HL1GSBD111917109,Lyce Bilingue de NDIKINIMEKI,CENTRE,,secondary_general,MISSING,NO,MINESEC
5HL1GSFD110633107,Lyce de NEBOLEN,CENTRE,NEBOLEN,secondary_general,VALID,NO,MINESEC
5HM1GSFD100501109,CES de NDOG-SONDEN,CENTRE,IKONDJ,secondary_general,VALID,NO,MINESEC
5HM1GSFD111928102,Lyce de NITOUKOU,CENTRE,NITOUKOU,secondary_general,VALID,NO,MINESEC
5HN1GSBD100458111,CES Bilingue d'OMBESSA,CENTRE,OMBESSA VILLAGE,secondary_general,VALID,NO,MINESEC
5HN1GSFD110626091,Lyce d'OMBESSA,CENTRE,GUIENTSING,secondary_general,VALID,NO,MINESEC
5HN1GSFD112360112,Lyce de BALIAMA,CENTRE,BOYABISSOUMBI,secondary_general,VALID,NO,MINESEC
5HN1GSFD110439118,Lyce de BOURAKA,CENTRE,BOURAKA,secondary_general,VALID,NO,MINESEC
5HN1GSFD110437115,Lyce de GUETSAMBANA-OMBESSA,CENTRE,GUIENTSING I,secondary_general,VALID,NO,MINESEC
5IC1GSFD100456111,CES de BIAKOA,CENTRE,BIAKOA,secondary_general,VALID,NO,MINESEC
5IC1GSFD100923110,CES de VOUNDOU,CENTRE,TALBA,secondary_general,VALID,NO,MINESEC
5IC1GSFD111954106,Lyce de MBANGASSINA,CENTRE,TSERA/OSSAH,secondary_general,VALID,NO,MINESEC
5IC1GSFD110132114,Lyce de TEATE-EBINA,CENTRE,EBINA,secondary_general,VALID,NO,MINESEC
5IJ1GSFD103027115,CES d'ISSANDJA,CENTRE,ISSANDJA,secondary_general,VALID,NO,MINESEC
5IE1GSFD102043112,CES de GAH,CENTRE,GAH,secondary_general,VALID,NO,MINESEC
5IE1GSFD100845111,CES de KONG,CENTRE,KONG,secondary_general,VALID,NO,MINESEC
5IE1GSFD100477110,CES de NDITAM,CENTRE,NDITAM,secondary_general,VALID,NO,MINESEC
5IE1GSFD102983117,CES de NGOUME,CENTRE,SANANGA,secondary_general,VALID,NO,MINESEC
5IE1GSBD111981106,Lyce Bilingue de NGAMBE-TIKAR,CENTRE,1,secondary_general,CLEARLY_INVALID,YES,MINESEC
5IH1GSBD100192109,CES Bilingue de NYABIDI,CENTRE,NYABIDI,secondary_general,VALID,NO,MINESEC
5IH1GSFD101990109,CES d'EGONA II,CENTRE,EGONA II,secondary_general,VALID,NO,MINESEC
5IH1GSFD112213103,Lyce de NGORO,CENTRE,K OUTABA,secondary_general,VALID,NO,MINESEC
5IH1GSFD110401110,Lyce de YASSEM,CENTRE,YASSEM,secondary_general,VALID,NO,MINESEC
5II1GSFD100113112,CES de BILANGA-KOMBE,CENTRE,BILANGA-KOMBE,secondary_general,VALID,NO,MINESEC
5II1GSFD102032112,CES de KOUSSE II,CENTRE,KOUSSE,secondary_general,VALID,NO,MINESEC
5IC1GSFD101058107,CES de YEBEKOLO,CENTRE,YEBEKOLO,secondary_general,VALID,NO,MINESEC
5II1GSBD110852111,Lyce Bilingue de NGUILA,CENTRE,NGUILA,secondary_general,VALID,NO,MINESEC
5II1GSBD110413111,Lyce Bilingue de NTUI,CENTRE,BINDADJENGUE,secondary_general,VALID,NO,MINESEC
5II1GSFD110372092,Lyce de NTUI,CENTRE,BIANGOENA,secondary_general,VALID,NO,MINESEC
5IJ1GSFD100462110,CES de DOUME-YOKO,CENTRE,DOUME,secondary_general,VALID,NO,MINESEC
5IJ1GSFD100387110,CES de LINTE,CENTRE,LINTE,secondary_general,VALID,NO,MINESEC
5IJ1GSFD102200110,CES de NDJOLE,CENTRE,NDJOLE,secondary_general,VALID,NO,MINESEC
5IJ1GSFD102436111,CES de NGOUETOU,CENTRE,NGOUETOU,secondary_general,VALID,NO,MINESEC
5IJ1GSFD110811092,Lyce de YOKO,CENTRE,YOKO,secondary_general,VALID,NO,MINESEC
5JC1GSFD101134100,CES d'AFANLOUM,CENTRE,AFANLOUM,secondary_general,VALID,NO,MINESEC
5JE1GSFD101629108,CES de NKOLESSONG,CENTRE,NKOLESSONG,secondary_general,VALID,NO,MINESEC
5JE1GSFD111845105,Lyce d'OLANGUINA,CENTRE,OLANGUINA,secondary_general,VALID,NO,MINESEC
5JH1GSBD101724109,CES Bilingue d'AWAE,CENTRE,NKOLNGUET,secondary_general,VALID,NO,MINESEC
5JH1GSFD101729108,CES de MIMBANG,CENTRE,OLELA,secondary_general,VALID,NO,MINESEC
5JH1GSFD101185105,CES de NGAT-AWAE,CENTRE,NGAT,secondary_general,VALID,NO,MINESEC
5JH1GSFD101182108,CES de NGUINDA,CENTRE,AWAE,secondary_general,VALID,NO,MINESEC
5JH1GSFD111172105,Lyce d'ELAT,CENTRE,,secondary_general,MISSING,NO,MINESEC
5JH1GSFD111977092,Lyce Mixte d'AWAE,CENTRE,AWAE - NKOABANG,secondary_general,VALID,NO,MINESEC
5JI1GSFD100765100,CES d'EDZENDOUAN,CENTRE,EDZENDOUAN CENTRE,secondary_general,VALID,NO,MINESEC
5JI1GSFD110672114,Lyce de NDZANA,CENTRE,NDZANA,secondary_general,VALID,NO,MINESEC
5JJ1GSFD100666106,CES d'AFANETOUANA,CENTRE,AFAN ETOUANA,secondary_general,VALID,NO,MINESEC
5JJ1GSFD100688113,CES d'EBODOUMOU,CENTRE,Ebodoumou,secondary_general,VALID,NO,MINESEC
5JJ1GSFD100727110,CES d'EBOLZOK,CENTRE,MVOG-BELLA,secondary_general,VALID,NO,MINESEC
5JJ1GSFD102187105,CES d'EWOT,CENTRE,EWOT,secondary_general,VALID,NO,MINESEC
5JJ1GSFD100647107,CES de MVENG-ESSABOUTOU,CENTRE,MVENG,secondary_general,VALID,NO,MINESEC
5JJ1GSBD111359115,Lyce Bilingue d'ESSE,CENTRE,BLOC1,secondary_general,VALID,NO,MINESEC
5JK1GSFD102427103,CES d'AWAE-MFOU,CENTRE,NDANGUENG,secondary_general,VALID,NO,MINESEC
5JK1GSFD102438106,CES d'EKALI I,CENTRE,Ekali 1,secondary_general,VALID,NO,MINESEC
5JK1GSFD102432107,CES de MENDONG II,CENTRE,MENDONG 2,secondary_general,VALID,NO,MINESEC
5JK1GSFD100142107,CES de MFOU-VILLE,CENTRE,Bloc 4,secondary_general,VALID,NO,MINESEC
5JK1GSFD102418106,CES de NKASSOMO,CENTRE,NKASSOMO,secondary_general,VALID,NO,MINESEC
5JK1GSFD100126108,CES de NKOLOVENG,CENTRE,Nkoloveng,secondary_general,VALID,NO,MINESEC
5JK1GSBD110733104,Lyce Bilingue de MFOU,CENTRE,,secondary_general,MISSING,NO,MINESEC
5JK1GSFD112168079,Lyce Classique de MFOU,CENTRE,NKOL NGUET,secondary_general,VALID,NO,MINESEC
5JK1GSFD110763107,Lyce d'ABANG-NKONGOA,CENTRE,NKONGOA,secondary_general,VALID,NO,MINESEC
5JK1GSFD110714099,Lyce d'ESSAZOK,CENTRE,MVOG-AMOUG III,secondary_general,VALID,NO,MINESEC
5JK1GSFD110757115,Lyce de MBELOA-NSIMALEN,CENTRE,NSIMALEN,secondary_general,VALID,NO,MINESEC
5JK1GSFD110726107,Lyce de NKOLNDA,CENTRE,NKOLNDA,secondary_general,VALID,NO,MINESEC
5JL1GSFD102415103,CES de MEVEN,CENTRE,Groupement Tsinga,secondary_general,VALID,NO,MINESEC
5JL1GSFD100761112,CES de MINDICK,CENTRE,MEHANDAN I,secondary_general,VALID,NO,MINESEC
5JL1GSFD102413100,CES de NKOLMEYANG,CENTRE,NKOLMEYANG II,secondary_general,VALID,NO,MINESEC
5JL1GSFD100101105,CES de ZOASSI,CENTRE,ZOK II,secondary_general,VALID,NO,MINESEC
5JL1GSFD110746098,Lyce Bilingue de NKOABANG-NKOLAFAMBA,CENTRE,,secondary_general,MISSING,NO,MINESEC
5JL1GSFD110739105,Lyce de NKOLAFAMBA,CENTRE,Beguele,secondary_general,VALID,NO,MINESEC
5JN1GSBD102810115,CES Bilingue d'AKOUGOU,CENTRE,AKOUGOU,secondary_general,VALID,NO,MINESEC
5JN1GSFD100695113,CES de NTOUESSONG V,CENTRE,NTOUESSONG IV,secondary_general,VALID,NO,MINESEC
5JN1GSBD102705114,Lyce Bilingue de NKOZOA,CENTRE,NKOZOA,secondary_general,VALID,NO,MINESEC
5JN1GSFD110417111,Lyce d'ABONDO,CENTRE,ABONDO,secondary_general,VALID,NO,MINESEC
5JN1GSFD110333112,Lyce de MBANSAN,CENTRE,MBANSAN1,secondary_general,VALID,NO,MINESEC
5JN1GSFD110425115,Lyce de NKOMETOU I,CENTRE,NKOMETOU I,secondary_general,VALID,NO,MINESEC
5JN1GSFD110014091,Lyce de SOA,CENTRE,SOACENTRE,secondary_general,VALID,NO,MINESEC
5JN1GSFD110472109,Lyce Moderne de NKOZOA,CENTRE,NKOZOA,secondary_general,VALID,NO,MINESEC
5KC1GSFD102449110,CES de MFIDA,CENTRE,MFIDA,secondary_general,VALID,NO,MINESEC
5KC1GSFD100304109,CES de NKOL-NLONG I,CENTRE,NKOLNLONG I,secondary_general,VALID,NO,MINESEC
5KC1GSBD110298113,Lyce Bilingue d'AKONO,CENTRE,AKONO CENTRE,secondary_general,VALID,NO,MINESEC
5KE1GSFD102430111,CES d'EBOUG-MENYOU,CENTRE,OU-MEN,secondary_general,VALID,NO,MINESEC
5KE1GSFD100261099,CES d'EVINDISSI,CENTRE,EVINDISSI,secondary_general,VALID,NO,MINESEC
5KE1GSFD100455100,CES de BIKOP,CENTRE,BIKOP,secondary_general,VALID,NO,MINESEC
5KE1GSFD100274110,CES de NYOMO,CENTRE,NYOMO,secondary_general,VALID,NO,MINESEC
5KE1GSFD102442110,CES de ZOATOUPSI,CENTRE,ZOATOUPSI,secondary_general,VALID,NO,MINESEC
5KE1GSBD110265115,Lyce Bilingue de BIKOK,CENTRE,EKOUM EBE,secondary_general,VALID,NO,MINESEC
5KE1GSFD110254111,Lyce de MEYILA,CENTRE,Nkongndougou 6,secondary_general,VALID,NO,MINESEC
5KH1GSBD110309112,Lyce Bilingue de MBALNGONG,CENTRE,MBALNGONG,secondary_general,VALID,NO,MINESEC
5KH1GSBD110016114,Lyce Bilingue de MBANKOMO,CENTRE,MBANKOMO,secondary_general,VALID,NO,MINESEC
5KH1GSFD112410111,Lyce d'ANGONGO,CENTRE,ANGONGO,secondary_general,VALID,NO,MINESEC
5KH1GSFD112202109,Lyce d'ONGOT,CENTRE,ONGOT,secondary_general,VALID,NO,MINESEC
5KH1GSFD111947107,Lyce d'OVENG-MBANKOMO,CENTRE,OVENG,secondary_general,VALID,NO,MINESEC
5KH1GSFD112422115,Lyce de BINGUELA,CENTRE,NKONG BINGUELA,secondary_general,VALID,NO,MINESEC
5KH1GSFD110374106,Lyce de MEFOMO,CENTRE,MEFOMO,secondary_general,VALID,NO,MINESEC
5KH1GSFD110143111,Lyce de NKOLBIYEN,CENTRE,NKOLBIYEN,secondary_general,VALID,NO,MINESEC
5KI1GSBD100285112,CES Bilingue de NKONGZOK II,CENTRE,Nkongzok 2,secondary_general,VALID,NO,MINESEC
5KI1GSFD100281106,CES de NKONG-ABOK,CENTRE,NKONG-ABOK II,secondary_general,VALID,NO,MINESEC
5KI1GSFD110250107,Lyce d'OTELE,CENTRE,OTELE,secondary_general,VALID,NO,MINESEC
5KI1GSFD112473074,Lyce de NGOUMOU,CENTRE,KAMBA,secondary_general,VALID,NO,MINESEC
5LC1GSFD102848115,CES d'EMANA-VILLAGE,CENTRE,EMANA,secondary_general,VALID,NO,MINESEC
5LC1GSFD102847115,CES de TSINGA-VILLAGE,CENTRE,TSINGA VILLAGE,secondary_general,VALID,NO,MINESEC
5LC1GSBD110334112,Lyce Bilingue d'EMANA,CENTRE,EMANA,secondary_general,VALID,NO,MINESEC
5LC1GSBD112381112,Lyce Bilingue de NKOL-ETON,CENTRE,,secondary_general,MISSING,NO,MINESEC
5LC1GSFD110673115,Lyce Bilingue de NYOM,CENTRE,NYOM,secondary_general,VALID,NO,MINESEC
5LC1GSFD110189091,Lyce d'ELIG-ESSONO,CENTRE,DJOUNGOLO 3,secondary_general,VALID,NO,MINESEC
5LC1GSFD111859091,Lyce de MBALLA II,CENTRE,MBALLA 2,secondary_general,VALID,NO,MINESEC
5LC1GSFD110699105,Lyce de NKOLONDOM,CENTRE,NKOLONDOM,secondary_general,VALID,NO,MINESEC
5LE1GSFD110141092,Lyce de LA CITE-VERTE,CENTRE,CITE VERTE,secondary_general,VALID,NO,MINESEC
5LE1GSFD110120091,Lyce de TSINGA,CENTRE,TSINGA,secondary_general,VALID,NO,MINESEC
5LH1GSBD112399092,Lyce Bilingue d'APPLICATION,CENTRE,,secondary_general,MISSING,NO,MINESEC
5LH1GSFD110685106,Lyce d'AFANOYOA,CENTRE,AFANOYOA III,secondary_general,VALID,NO,MINESEC
5LH1GSFD111196113,Lyce d'AHALA II,CENTRE,AHALA II,secondary_general,VALID,NO,MINESEC
5LH1GSFD111709087,Lyce de BIYEM-ASSI,CENTRE,YDE 3E,secondary_general,VALID,NO,MINESEC
5LH1GSFD111749110,Lyce de NGOA-EKELLE,CENTRE,MELEN III,secondary_general,VALID,NO,MINESEC
5LH1GSFD110108097,Lyce de NSAM-EFOULAN,CENTRE,EFOULAN,secondary_general,VALID,NO,MINESEC
5LI1GSBD110009112,Lyce Bilingue d'EKOUNOU,CENTRE,EKOUNOU,secondary_general,VALID,NO,MINESEC
5LI1GSBD110135110,Lyce Bilingue de MIMBOMAN,CENTRE,MIMBOMAN,secondary_general,VALID,NO,MINESEC
5LI1GSFD110382091,Lyce Bilingue de NKOLNDONGO,CENTRE,YAOUNDE IV,secondary_general,VALID,NO,MINESEC
5LI1GSFD112295089,Lyce d'ANGUISSA,CENTRE,1,secondary_general,CLEARLY_INVALID,YES,MINESEC
5LI1GSFD110412112,Lyce d'ODZA,CENTRE,Meyo,secondary_general,VALID,NO,MINESEC
5LI1GSFD110155106,Lyce de MINKAN,CENTRE,MINKAN,secondary_general,VALID,NO,MINESEC
5LJ1GSFD110037104,Lyce de NGOUSSO-NGOULMEKONG,CENTRE,Ngoulmekong,secondary_general,VALID,NO,MINESEC
5LJ1GSFD112791114,Lyce de NKOLMESSENG,CENTRE,NKOLMESSENG,secondary_general,VALID,NO,MINESEC
5LK1GSFD103118118,CES de MENDONG,CENTRE,3e Dgr de Mendong,secondary_general,VALID,NO,MINESEC
5LK1GSBD110117098,Lyce Bilingue d'ETOUG-EBE,CENTRE,,secondary_general,MISSING,NO,MINESEC
5LK1GSBD111628110,Lyce Bilingue de MENDONG,CENTRE,3e DEGRE DE MENDONG,secondary_general,NEEDS_REVIEW,YES,MINESEC
5LL1GSBD110373110,Lyce Bilingue d'EKOREZOK,CENTRE,Ekorezok,secondary_general,VALID,NO,MINESEC
5MC1GSFD111676112,Lyce de BIYOUHA,CENTRE,BIYOUHA,secondary_general,VALID,NO,MINESEC
5ME1GSFD100552107A,CES de LINDOI,CENTRE,,secondary_general,MISSING,NO,MINESEC
5ME1GSFD112151110,Lyce de BONDJOCK,CENTRE,,secondary_general,MISSING,NO,MINESEC
5MH1GSFD100129109,CES de BISSOMBE,CENTRE,BISSOMBE,secondary_general,VALID,NO,MINESEC
5MH1GSFD102197110,CES de BOBOG I,CENTRE,BOBOG I,secondary_general,VALID,NO,MINESEC
5MH1GSFD100438111,CES de MANDJACK (Bot-Makak),CENTRE,,secondary_general,MISSING,NO,MINESEC
5MH1GSFD102365107,CES de MBANDA,CENTRE,,secondary_general,MISSING,NO,MINESEC
5MH1GSFD102448108,CES de MBEBE,CENTRE,MBEBE,secondary_general,VALID,NO,MINESEC
5MH1GSFD100514106,CES de MOM-LELEP II,CENTRE,LELEP II NORD,secondary_general,VALID,NO,MINESEC
5MH1GSFD100403109,CES de PAN-MAKAK,CENTRE,PAN-MAKAK,secondary_general,VALID,NO,MINESEC
5MH1GSFD112388092,Lyce de BOT-MAKAK,CENTRE,MAMBANDO,secondary_general,VALID,NO,MINESEC
5MH1GSFD110519107,Lyce de HEGBA,CENTRE,HEGBA,secondary_general,VALID,NO,MINESEC
5MH1GSFD111175111,Lyce de NTOULENG,CENTRE,NTOULENG,secondary_general,VALID,NO,MINESEC
5MI1GSFD101239107,CES de NDONGO-CENTRE,CENTRE,NDONGO,secondary_general,VALID,NO,MINESEC
5MI1GSBD111665112,Lyce Bilingue de SOMBO,CENTRE,Peslipan,secondary_general,VALID,NO,MINESEC
5MI1GSFD111830092,Lyce de DIBANG,CENTRE,DIBANG-CENTRE,secondary_general,VALID,NO,MINESEC
5MJ1GSFD102372111,CES de MANDJACK (Eska),CENTRE,MANDJACK-ESEKA,secondary_general,VALID,NO,MINESEC
5MJ1GSBD111670107,Lyce Bilingue d'ESEKA,CENTRE,,secondary_general,MISSING,NO,MINESEC
5MJ1GSFD111921076,Lyce d'ESEKA,CENTRE,LYCEE,secondary_general,VALID,NO,MINESEC
5MJ1GSFD111234112,Lyce de BOGSO,CENTRE,BOGSO,secondary_general,VALID,NO,MINESEC
5MK1GSFD101903103,CES de MBEMNDJOCK,CENTRE,,secondary_general,MISSING,NO,MINESEC
5MK1GSFD102444110,CES de MBENG,CENTRE,MBENG,secondary_general,VALID,NO,MINESEC
5MK1GSFD102377113,CES de MINKA,CENTRE,MINKA,secondary_general,VALID,NO,MINESEC
5MK1GSFD102019111,CES de NGWATE-POHE,CENTRE,NGWATE,secondary_general,VALID,NO,MINESEC
5MK1GSFD100433112,CES de SEPP,CENTRE,SEPP,secondary_general,VALID,NO,MINESEC
5MK1GSFD110111092,Lyce Bilingue de MAKAK,CENTRE,MAKAK II,secondary_general,VALID,NO,MINESEC
5MK1GSFD111347111,Lyce de MOM-GARE,CENTRE,MOM I,secondary_general,VALID,NO,MINESEC
5ML1GSFD102247110,CES de MAWEL,CENTRE,MAWEL,secondary_general,VALID,NO,MINESEC
5ML1GSFD102383113,CES de NKENG-LIKOK,CENTRE,NKENGLIKOCK,secondary_general,VALID,NO,MINESEC
5ML1GSBD112204110,Lyce Bilingue de MANGUEN II,CENTRE,MANGUEN II,secondary_general,VALID,NO,MINESEC
5ML1GSFD112243111,Lyce de LAMAL-POUGUE,CENTRE,POUGUE,secondary_general,VALID,NO,MINESEC
5ML1GSFD112391108,Lyce de MANDOUMBA,CENTRE,MANDOUMBA,secondary_general,VALID,NO,MINESEC
5ML1GSFD112468095,Lyce de MATOMB,CENTRE,,secondary_general,MISSING,NO,MINESEC
5MM1GSFD102172110,CES de BIKOK-BI-MBOUI,CENTRE,MBOUI,secondary_general,VALID,NO,MINESEC
5MM1GSFD102404110,CES de NDOGBESSOL-GARE,CENTRE,NDOG BESSOL GARE,secondary_general,VALID,NO,MINESEC
5MM1GSFD102049106,CES de SONG-MBONG,CENTRE,Song-mbong,secondary_general,VALID,NO,MINESEC
5MM1GSFD110510111,Lyce de BADJOB,CENTRE,BADJOB,secondary_general,VALID,NO,MINESEC
5MM1GSFD111350097,Lyce de MESSONDO,CENTRE,SOUCK,secondary_general,VALID,NO,MINESEC
5MN1GSFD101826109,CES de MAMB,CENTRE,MAMB,secondary_general,VALID,NO,MINESEC
5MN1GSBD110834110,Lyce Bilingue de MAKAI,CENTRE,Makai,secondary_general,VALID,NO,MINESEC
5MN1GSFD112141111,Lyce de BOUMNYEBEL,CENTRE,,secondary_general,MISSING,NO,MINESEC
5MN1GSFD112457071,Lyce de NGOG-MAPUBI,CENTRE,NGOG-MAPUBI CENTRE,secondary_general,VALID,NO,MINESEC
5MQ1GSFD101254106,CES d'ELALE,CENTRE,ELALE,secondary_general,VALID,NO,MINESEC
5MQ1GSFD101247108,CES de BOUMNDJACK,CENTRE,,secondary_general,MISSING,NO,MINESEC
5MQ1GSFD110557109,Lyce de NGUIBASSAL,CENTRE,NGUIBASSAL CENTRE,secondary_general,VALID,NO,MINESEC
5NC1GSFD101275109,CES d'ABEM,CENTRE,ABEM,secondary_general,VALID,NO,MINESEC
5NC1GSFD100874113,CES d'ANDOM-YEMBAMA,CENTRE,ANDOM-YEMBAMA,secondary_general,VALID,NO,MINESEC
5NC1GSFD101973102,CES d'EMVANESSO,CENTRE,EMVANE-SSO,secondary_general,VALID,NO,MINESEC
5NC1GSFD101257110,CES de MEDZEK,CENTRE,YEME YEME,secondary_general,VALID,NO,MINESEC
5NC1GSFD101267099,CES de MENGUEME-SY,CENTRE,Mengueme-Sy,secondary_general,VALID,NO,MINESEC
5NC1GSFD101272110,CES de NKOL-EBOTAN,CENTRE,NKOLEBOTAN,secondary_general,VALID,NO,MINESEC
5NI1GSFD100821109,CES de NKOLESSONG-MENGANG,CENTRE,MIENDE,secondary_general,VALID,NO,MINESEC
5NC1GSFD101521112,CES de TOMBA II,CENTRE,TOMBA II,secondary_general,VALID,NO,MINESEC
5NC1GSFD101262108,CES de ZALOM,CENTRE,1,secondary_general,CLEARLY_INVALID,YES,MINESEC
5NC1GSBD111514111,Lyce Bilingue d'AKONOLINGA,CENTRE,NDAMBA VILLAGE,secondary_general,VALID,NO,MINESEC
5NC1GSFD112242115,Lyce d'ANDOM-EBOA,CENTRE,EBOA,secondary_general,VALID,NO,MINESEC
5NC1GSFD111002076,Lyce Mixte d'AKONOLINGA,CENTRE,QUARTIER ADMINISTRATIF,secondary_general,VALID,NO,MINESEC
5NE1GSFD100749108,CES de MBEKA-AYOS,CENTRE,MBEKA,secondary_general,VALID,NO,MINESEC
5NE1GSFD101192110,CES de NNEMEYONG,CENTRE,Ngolebomo,secondary_general,VALID,NO,MINESEC
5NE1GSFD100651110,CES de NYAMVOUDOU,CENTRE,NYAMVOUDOU,secondary_general,VALID,NO,MINESEC
5NE1GSBD112139114,Lyce Bilingue d'AYOS,CENTRE,,secondary_general,MISSING,NO,MINESEC
5NE1GSBD102913114,Lyce Bilingue d'AYOS-EBABODO,CENTRE,,secondary_general,MISSING,NO,MINESEC
5NE1GSFD110756113,Lyce de KOMBO,CENTRE,KOMBO,secondary_general,VALID,NO,MINESEC
5NE1GSFD110607111,Lyce de NDELLE-AYOS,CENTRE,NDELLE,secondary_general,VALID,NO,MINESEC
5NH1GSFD100631109,CES d'EYEK,CENTRE,EYEK,secondary_general,VALID,NO,MINESEC
5NH1GSFD100615110,CES de KPWAMENDJING,CENTRE,KPWAMENDJING,secondary_general,VALID,NO,MINESEC
5NH1GSFD100622110,CES de NKO'OVENG,CENTRE,NKO'OVENG,secondary_general,VALID,NO,MINESEC
5NH1GSFD100601112,CES de NKOLTOM,CENTRE,NKOLTOM,secondary_general,VALID,NO,MINESEC
5NH1GSFD111933091,Lyce Mixte d'ENDOM,CENTRE,ENDOM,secondary_general,VALID,NO,MINESEC
5NI1GSFD110662104,Lyce Bilingue de MENGANG,CENTRE,,secondary_general,MISSING,NO,MINESEC
5NJ1GSFD100657107,CES d'AWAE-AYOS,CENTRE,AWO'O,secondary_general,VALID,NO,MINESEC
5NJ1GSFD100650109,CES de YENASSA,CENTRE,YENASSA,secondary_general,VALID,NO,MINESEC
5NJ1GSBD112206111,Lyce Bilingue de KOBDOMBO,CENTRE,KOBDOMBO,secondary_general,VALID,NO,MINESEC
5QC1GSFD102064097,Lyce d'AKOEMAN,CENTRE,AKOEMAN 1,secondary_general,VALID,NO,MINESEC
5QE1GSFD102250100,CES de KOMASSI,CENTRE,KOMASSI,secondary_general,VALID,NO,MINESEC
5QE1GSFD101997108,CES de MBANGA-DZENG,CENTRE,,secondary_general,MISSING,NO,MINESEC
5QE1GSFD100720106,CES de NGAT I,CENTRE,NGAT-1 DZENG,secondary_general,VALID,NO,MINESEC
5QE1GSBD111854098,Lyce Bilingue de DZENG,CENTRE,DZENG VILLE,secondary_general,VALID,NO,MINESEC
5QH1GSFD100623110,CES d'EKOMBITIE-MBALMAYO,CENTRE,EKOMBITIE,secondary_general,VALID,NO,MINESEC
5QH1GSFD102988117,CES de MVOG-ZOUGA,CENTRE,ASSANZOA,secondary_general,VALID,NO,MINESEC
5QH1GSFD100349109,CES de NKOLNYAMA,CENTRE,,secondary_general,MISSING,NO,MINESEC
5QH1GSBD111890097,Lyce Bilingue de MBALMAYO,CENTRE,MBOCK-KULU,secondary_general,VALID,NO,MINESEC
5QH1GSFD111879099,Lyce de MBALMAYO-OYACK,CENTRE,OYACK II,secondary_general,VALID,NO,MINESEC
5QH1GSFD110348111,Lyce de MBALMAYO-RURAL,CENTRE,2,secondary_general,CLEARLY_INVALID,YES,MINESEC
5QI1GSFD101862098,CES d'OSSOESSAM,CENTRE,OSSOESSAM,secondary_general,VALID,NO,MINESEC
5QI1GSFD111958098,Lyce de MENGUEME,CENTRE,MENGUEME CENTRE,secondary_general,VALID,NO,MINESEC
5QJ1GSFD102055100,CES d'AKONGO,CENTRE,AKONGO III,secondary_general,VALID,NO,MINESEC
5QJ1GSFD100345107,CES d'ASSIE,CENTRE,ASSIE,secondary_general,VALID,NO,MINESEC
5QJ1GSFD100119111,CES d'OSSOE-BIKOBO,CENTRE,OSSOE-BIKOBO,secondary_general,VALID,NO,MINESEC
5QJ1GSFD100408111,CES de NKOLBEWA III,CENTRE,,secondary_general,MISSING,NO,MINESEC
5QJ1GSFD102038112,CES de NKOLMEYANG-NGOMEDZAP,CENTRE,NKOLMEYANG,secondary_general,VALID,NO,MINESEC
5QJ1GSBD112090111,Lyce Bilingue de NGOMEDZAP,CENTRE,AKOK,secondary_general,VALID,NO,MINESEC
5QJ1GSFD110429112,Lyce d'EKOUDENDI,CENTRE,NVOG ESSOMDANA,secondary_general,VALID,NO,MINESEC
5QK1GSFD100388109,CES d'AWAE-NKOLMETET,CENTRE,AWAE,secondary_general,VALID,NO,MINESEC
5QK1GSFD102005109,CES d'AYENE,CENTRE,AYENE,secondary_general,VALID,NO,MINESEC
5QK1GSFD112092106,Lyce de NKOLMETET,CENTRE,EFOULAN,secondary_general,VALID,NO,MINESEC
7CE1GSFD102040112,CES de BAKEM,LITTORAL,NKONIA-BAKEM,secondary_general,VALID,NO,MINESEC
7CE1GSBD111326112,Lyce Bilingue de BARE,LITTORAL,BARE VILLAGE,secondary_general,VALID,NO,MINESEC
7CE1GSBD111588114,Lyce Bilingue de MELONG II,LITTORAL,MELONG II,secondary_general,VALID,NO,MINESEC
7CE1GSFD110282115,Lyce de BAREHOCK,LITTORAL,BAREHOCK,secondary_general,VALID,NO,MINESEC
7CH1GSFD101821111,CES de BOMONO,LITTORAL,Bomono ba jedu,secondary_general,VALID,NO,MINESEC
7CH1GSFD102149098,CES de BONAMATEKE,LITTORAL,YAMIKOKI-BAKOKO,secondary_general,VALID,NO,MINESEC
7CH1GSBD112034107,Lyce Bilingue de BEKOKO,LITTORAL,BEKOKO,secondary_general,VALID,NO,MINESEC
7CH1GSFD111841092,Lyce de DIBOMBARI,LITTORAL,DJOBWELE,secondary_general,VALID,NO,MINESEC
7CI1GSBD102833115,CES Bilingue de KOMPINA,LITTORAL,KOMPINA,secondary_general,VALID,NO,MINESEC
7CI1GSBD111669109,Lyce Bilingue de GRAND-SOUZA,LITTORAL,Kollo,secondary_general,VALID,NO,MINESEC
7CI1GSBD112067113,Lyce Bilingue de MIANG,LITTORAL,ABO-SUD,secondary_general,VALID,NO,MINESEC
7CI1GSBD111996107,Lyce Bilingue de PENDA-MBOKO,LITTORAL,PENDA MBOKO,secondary_general,VALID,NO,MINESEC
7CJ1GSFD101874096,CES de BABONG,LITTORAL,BABONG,secondary_general,VALID,NO,MINESEC
7CJ1GSBD110005110,Lyce Bilingue de LOUM-CHANTIER-GARE,LITTORAL,,secondary_general,MISSING,NO,MINESEC
7CJ1GSBD110217115,Lyce Bilingue de MANENGWASSA,LITTORAL,MANENGWASSA,secondary_general,VALID,NO,MINESEC
7CJ1GSFD112010091,Lyce de LOUM,LITTORAL,Mpondo,secondary_general,VALID,NO,MINESEC
7CK1GSFD102340113,CES de MANENGOTENG,LITTORAL,MANENGOTENG,secondary_general,VALID,NO,MINESEC
7CK1GSBD102062096,Lyce Bilingue de MOUMEKENG,LITTORAL,Moumekeng,secondary_general,VALID,NO,MINESEC
7CK1GSBD112108111,Lyce Bilingue de NLOHE,LITTORAL,MANEHAS,secondary_general,VALID,NO,MINESEC
7CK1GSFD110234092,Lyce de MANJO,LITTORAL,MANEHAS,secondary_general,VALID,NO,MINESEC
7CL1GSBD102688114,CES Bilingue de KOTTO-MISSION,LITTORAL,KOTTO MISSION,secondary_general,VALID,NO,MINESEC
7CL1GSBD111678109,Lyce Bilingue de MBANGA,LITTORAL,BALONG,secondary_general,VALID,NO,MINESEC
7CM1GSBD102921115,CES Bilingue d'ESSEKOU,LITTORAL,ESSEKOU,secondary_general,VALID,NO,MINESEC
7CM1GSBD101718111,CES Bilingue de MAMA,LITTORAL,,secondary_general,MISSING,NO,MINESEC
7CM1GSBD103238120,CES Bilingue de MBOUASSOUM,LITTORAL,,secondary_general,MISSING,NO,MINESEC
7CMGSFD102683114,CES de NINONG,LITTORAL,NINONG,secondary_general,VALID,NO,MINESEC
7CM1GSBD112016111,Lyce Bilingue de LELEM-MOUATONG,LITTORAL,LELEM MOUATONG,secondary_general,VALID,NO,MINESEC
7CM1GSBD112101113,Lyce Bilingue de MBOKAMBO,LITTORAL,MBOKAMBO,secondary_general,VALID,NO,MINESEC
7CM1GSBD111578106,Lyce Bilingue de MELONG,LITTORAL,,secondary_general,MISSING,NO,MINESEC
7CM1GSBD112119114,Lyce Bilingue de MOUANGUEL,LITTORAL,MOUANGUEL,secondary_general,VALID,NO,MINESEC
7CM1GSFD111655107,Lyce de MELONG-CENTRE,LITTORAL,MBOUDJOU,secondary_general,VALID,NO,MINESEC
7CN1GSBD111713108,Lyce Bilingue de MOMBO,LITTORAL,MOMBO,secondary_general,VALID,NO,MINESEC
7CQ1GSBD111989113,Lyce Bilingue de NJOMBE,LITTORAL,BONADAM,secondary_general,VALID,NO,MINESEC
7CQ1GSBD111831105,Lyce Bilingue de PENJA,LITTORAL,MOUANTCHOUM,secondary_general,VALID,NO,MINESEC
7CR1GSFD111891103,Lyce Bilingue de NLONAKO,LITTORAL,EKEL KOH,secondary_general,VALID,NO,MINESEC
7CT1GSBD111358115,Lyce Bilingue d'EKANGTE,LITTORAL,BANEKA,secondary_general,VALID,NO,MINESEC
7CT1GSFD112358060,Lyce du MANENGOUBA,LITTORAL,,secondary_general,MISSING,NO,MINESEC
7CV1GSBD112022092,Lyce Bilingue de NKONGSAMBA,LITTORAL,BARESSOUMTOU,secondary_general,VALID,NO,MINESEC
7CX1GSBD100276110,CES Bilingue de NDOUNGUE,LITTORAL,NDOUNGUE,secondary_general,VALID,NO,MINESEC
7CX1GSFD102439096,CES de BAKWAT,LITTORAL,3me dgr Bakwat,secondary_general,VALID,NO,MINESEC
7CX1GSFD102117096,CES de MANENGOUBA II,LITTORAL,MANENGOUBA II,secondary_general,VALID,NO,MINESEC
7CX1GSBD110291113,Lyce Bilingue d'EBONE,LITTORAL,BAKAKA,secondary_general,VALID,NO,MINESEC
7CX1GSBD110236113,Lyce Bilingue de MANENGOLE,LITTORAL,MANENGOLE,secondary_general,VALID,NO,MINESEC
7EC1GSFD102371113,CES de DINGANG,LITTORAL,,secondary_general,MISSING,NO,MINESEC
7EC1GSFD102028110,CES de MADIP,LITTORAL,MBANG,secondary_general,VALID,NO,MINESEC
7EC1GSFD102832115,CES de MAKOMBE,LITTORAL,,secondary_general,MISSING,NO,MINESEC
7EC1GSFD102046110,CES de NDOGTIBA,LITTORAL,,secondary_general,MISSING,NO,MINESEC
7EE1GSFD100328111,CES du CARREFOUR-NDOTTOWAKWAK,LITTORAL,NDOTTO,secondary_general,VALID,NO,MINESEC
7EC1GSBD110051110,Lyce Bilingue de NKONDJOCK,LITTORAL,MBEMA,secondary_general,VALID,NO,MINESEC
7EC1GSFD110231108,Lyce de SOHOCK,LITTORAL,SOHOCK,secondary_general,VALID,NO,MINESEC
7EC1GSFD111899113,Lyce de TAM-CARREFOUR,LITTORAL,NDOBAN,secondary_general,VALID,NO,MINESEC
7EE1GSFD100691110,CES de BANGOPE,LITTORAL,NDOBIAM,secondary_general,VALID,NO,MINESEC
7EE1GSFD101711111,CES DE MBIAM,LITTORAL,CANTON MBIAM,secondary_general,VALID,NO,MINESEC
7EE1GSFD100337112,CES de TONGO,LITTORAL,TONGO,secondary_general,VALID,NO,MINESEC
7EE1GSFD111692108,Lyce de NDOBIAN,LITTORAL,Ndogsa,secondary_general,VALID,NO,MINESEC
7EH1GSBD100351114,CES Bilingue de SOLLE,LITTORAL,SOLLE,secondary_general,VALID,NO,MINESEC
7EC1GSFD100344112,CES de BENGA,LITTORAL,BENGA,secondary_general,VALID,NO,MINESEC
7EH1GSFD102332113,CES de BODIMAN,LITTORAL,CANTON BODIMAN,secondary_general,VALID,NO,MINESEC
7EH1GSFD100045111,CES de DIWOM-PK-34,LITTORAL,DIWOM PK 32-35,secondary_general,VALID,NO,MINESEC
7EH1GSFD102717114,CES de NDONDAK,LITTORAL,NDOKNDAK,secondary_general,VALID,NO,MINESEC
7EH1GSFD100981110,CES de TONDE-CARREFOUR,LITTORAL,TONDE CARREFOUR,secondary_general,VALID,NO,MINESEC
7EH1GSFD102326113,CES de WOURI-BWELE,LITTORAL,TONDE VILLAGE,secondary_general,VALID,NO,MINESEC
7EH1GSBD110322112,Lyce Bilingue de YABASSI,LITTORAL,NDOGKOKO,secondary_general,VALID,NO,MINESEC
7EH1GSFD111595108,Lyce de BONEPOUPA,LITTORAL,BONEPOUPA II,secondary_general,VALID,NO,MINESEC
7EI1GSFD102831115,CES de MOSSE,LITTORAL,,secondary_general,MISSING,NO,MINESEC
7EI1GSFD111687095,Lyce de YINGUI,LITTORAL,,secondary_general,MISSING,NO,MINESEC
7HC1GSFD102331113,CES de SOMAKEK,LITTORAL,SOMAKEK,secondary_general,VALID,NO,MINESEC
7HC1GSBD110636113,Lyce Bilingue de MISSOLE,LITTORAL,MISSOLE II,secondary_general,VALID,NO,MINESEC
7HC1GSFD110053109,Lyce de LOGBADJECK,LITTORAL,LOGBADJECK,secondary_general,VALID,NO,MINESEC
7HE1GSBD110648112,Lyce Bilingue de DIZANGUE,LITTORAL,,secondary_general,MISSING,NO,MINESEC
7HE1GSBD100496111,Lyce Bilingue de MBAMBOU,LITTORAL,MBIMBE,secondary_general,VALID,NO,MINESEC
7HE1GSBD110313107,Lyce Bilingue de MBONGO,LITTORAL,Mbongo village,secondary_general,VALID,NO,MINESEC
7HH1GSFD102990117,CES de BISSEKE-MBANDA,LITTORAL,Mbanda-Ecole,secondary_general,VALID,NO,MINESEC
7HH1GSFD100764109,CES de YASSOUKOU,LITTORAL,NDOKOHI,secondary_general,VALID,NO,MINESEC
7HH1GSBD110360092,Lyce Bilingue d'EDEA,LITTORAL,PLATEAU ADMINISTRATIF,secondary_general,VALID,NO,MINESEC
7HH1GSBD110332112,Lyce Bilingue de BEON,LITTORAL,BEON,secondary_general,VALID,NO,MINESEC
7HH1GSBD111952109,Lyce Bilingue de la FERME SUISSE,LITTORAL,APOUH A NGOG,secondary_general,VALID,NO,MINESEC
7HH1GSFD112218074,Lyce Classique d'EDEA,LITTORAL,PONGO,secondary_general,VALID,NO,MINESEC
7HH1GSFD110448113,Lyce d'OSSOMBAH,LITTORAL,TIBDA,secondary_general,VALID,NO,MINESEC
7HI1GSFD103028117,CES de MALIMBA-GARE,LITTORAL,MALIMBA GARE,secondary_general,VALID,NO,MINESEC
7HI1GSFD101316108,CES de NGONGA,LITTORAL,NGONGA,secondary_general,VALID,NO,MINESEC
7HI1GSFD111881103,Lyce d'EKITE,LITTORAL,EKITE IV,secondary_general,VALID,NO,MINESEC
7HJ1GSFD100492108,CES de KAHN,LITTORAL,KAHN,secondary_general,VALID,NO,MINESEC
7HJ1GSFD110070109,Lyce de MASSOCK-SONGLOULOU,LITTORAL,MASSOCK,secondary_general,VALID,NO,MINESEC
7HJ1GSFD110052109,Lyce de NKOM,LITTORAL,ITAYAP,secondary_general,VALID,NO,MINESEC
7HJ1GSFD110063106,Lyce de SONGMBENGUE,LITTORAL,HAOUSSA,secondary_general,VALID,NO,MINESEC
7HK1GSFD102375113,CES d'OLOMBE,LITTORAL,OLOMBE,secondary_general,VALID,NO,MINESEC
7HK1GSBD111887108,Lyce Bilingue de MOUANKO,LITTORAL,ABBE,secondary_general,VALID,NO,MINESEC
7HL1GSBD102693114,CES Bilingue de NDOM,LITTORAL,Ndom centre,secondary_general,VALID,NO,MINESEC
7HL1GSFD101310112,CES de BIPOCK,LITTORAL,BIPOCK,secondary_general,VALID,NO,MINESEC
7HL1GSFD101320109,CES de MBONGO-NDOM,LITTORAL,NONN,secondary_general,VALID,NO,MINESEC
7HL1GSFD100226100,CES de NDOG-BABEM,LITTORAL,NDEBI,secondary_general,VALID,NO,MINESEC
7HL1GSFD101585108,CES de NGOCK,LITTORAL,NGOCK,secondary_general,VALID,NO,MINESEC
7HL1GSFD102727114,CES de SO'O,LITTORAL,NSE'- SO'O,secondary_general,VALID,NO,MINESEC
7HL1GSFD111573107,Lyce d'OMENG,LITTORAL,YANA-LOUANGO,secondary_general,VALID,NO,MINESEC
7HL1GSFD111582091,Lyce de NDOM,LITTORAL,NDOM-CENTRE,secondary_general,VALID,NO,MINESEC
7HM1GSFD100977109,CES d'INYOUYA,LITTORAL,NYOUYA,secondary_general,VALID,NO,MINESEC
7HM1GSFD101555098,CES de BODIPO,LITTORAL,,secondary_general,MISSING,NO,MINESEC
7HM1GSFD111681092,Lyce de NGAMBE,LITTORAL,NGAMBE IV,secondary_general,VALID,NO,MINESEC
7HM1GSFD111558112,Lyce de NIEL,LITTORAL,NIEL,secondary_general,VALID,NO,MINESEC
7HN1GSFD101549109,CES d'EBOMBE,LITTORAL,EBOMBE,secondary_general,VALID,NO,MINESEC
7HN1GSFD101132111,CES de MANDJAP-GARE,LITTORAL,Mandjab,secondary_general,VALID,NO,MINESEC
7HN1GSFD101138110,CES de NDJOCK-LOUMBE,LITTORAL,NJOCK-LOUMBE,secondary_general,VALID,NO,MINESEC
7HN1GSFD111155107,Lyce de MAKONDO,LITTORAL,MAKONDO,secondary_general,VALID,NO,MINESEC
7HQ1GSFD101130108,CES de BAYA-LOG-NTOMB,LITTORAL,NDOGBATOGUE II,secondary_general,VALID,NO,MINESEC
7HQ1GSFD101142110,CES de NYAHO,LITTORAL,Nyahoo,secondary_general,VALID,NO,MINESEC
7HQ1GSFD102378113,CES de POCK-MAHONDA,LITTORAL,MAHONDA,secondary_general,VALID,NO,MINESEC
7HQ1GSFD111176113,Lyce de KELLENG,LITTORAL,KELLENG,secondary_general,VALID,NO,MINESEC
7HQ1GSFD111542112,Lyce de NDEME,LITTORAL,NDEME,secondary_general,VALID,NO,MINESEC
7HQ1GSFD110970109,Lyce de NKONGKWALLA,LITTORAL,,secondary_general,MISSING,NO,MINESEC
7HQ1GSFD111979096,Lyce de NYANON,LITTORAL,NYANO,secondary_general,VALID,NO,MINESEC
7HQ1GSFD111603109,Lyce de SONGMBOG,LITTORAL,SONGMBOG II,secondary_general,VALID,NO,MINESEC
7HR1GSFD102113102,CES de NGOMPEM,LITTORAL,,secondary_general,MISSING,NO,MINESEC
7HR1GSFD102057111,CES de NKONGA,LITTORAL,NKONGA,secondary_general,VALID,NO,MINESEC
7HR1GSFD101600108,CES de SOKELLE,LITTORAL,SOKELLE 1,secondary_general,VALID,NO,MINESEC
7HR1GSFD102175110,CES de SONG-SIMOUTH,LITTORAL,,secondary_general,MISSING,NO,MINESEC
7HR1GSFD111931091,Lyce Bilingue de POUMA,LITTORAL,BIKOK,secondary_general,VALID,NO,MINESEC
7IC1GSFD110287091,Lyce d'AKWA,LITTORAL,OUI,secondary_general,CLEARLY_INVALID,YES,MINESEC
7IC1GSFD112465054,Lyce JOSS DE DOUALA,LITTORAL,Canton BELL,secondary_general,VALID,NO,MINESEC
7IE1GSBD102809115,CES Bilingue de DOUALA II,LITTORAL,NEW -BELL,secondary_general,VALID,NO,MINESEC
7IE1GSFD110002091,Lyce TSF MONGO JOSEPH,LITTORAL,,secondary_general,MISSING,NO,MINESEC
7IH1GSBD103239120,CES Bilingue MOUNGUI DE LOGBESSOU,LITTORAL,,secondary_general,MISSING,NO,MINESEC
7IH1GSBD110694111,Lyce Bilingue de BOBONGO-PETIT-PARIS,LITTORAL,Bobongo,secondary_general,VALID,NO,MINESEC
7IH1GSFD110083099,Lyce Bilingue de JAPOMA,LITTORAL,BAKOKO,secondary_general,VALID,NO,MINESEC
7IH1GSBD102232112,Lyce Bilingue de MBANGA-PONGO,LITTORAL,MBANGA-PONGO,secondary_general,VALID,NO,MINESEC
7IH1GSBD110294112,Lyce Bilingue de NGODI-BAKOKO,LITTORAL,NGODI BAKOKO,secondary_general,VALID,NO,MINESEC
7IH1GSBD111167105,Lyce Bilingue de NYALLA,LITTORAL,LOGTCHA,secondary_general,VALID,NO,MINESEC
7IH1GSBD111146111,Lyce Bilingue de NYLON-BRAZZAVILLE,LITTORAL,Brazzaville/ bonaloka,secondary_general,VALID,NO,MINESEC
7IH1GSFD112053095,Lyce Bilingue de NYLON-NDOGPASSI,LITTORAL,,secondary_general,MISSING,NO,MINESEC
7IH1GSBD110223107,Lyce Bilingue du GENIE MILITAIRE,LITTORAL,,secondary_general,MISSING,NO,MINESEC
7IH1GSFD110305090,Lyce d'OYACK,LITTORAL,3me DEGRE,secondary_general,CLEARLY_INVALID,YES,MINESEC
7IH1GSFD111287099,Lyce de NDOG-HEM,LITTORAL,,secondary_general,MISSING,NO,MINESEC
7IH1GSFD110273115,Lyce de PK21,LITTORAL,MASSOUMBOU,secondary_general,VALID,NO,MINESEC
7II1GSBD102868116,CES Bilingue de MINKWELLE,LITTORAL,MINKWELE,secondary_general,VALID,NO,MINESEC
7II1GSBD110268108,Lyce Bilingue de BOJONGO,LITTORAL,BOJONGO,secondary_general,VALID,NO,MINESEC
7II1GSBD110308090,Lyce Bilingue de BONABERI,LITTORAL,BONAMIKANO,secondary_general,VALID,NO,MINESEC
7II1GSBD112333115,Lyce Bilingue de BONASSAMA,LITTORAL,BONASSAMA,secondary_general,VALID,NO,MINESEC
7II1GSBD110297110,Lyce Bilingue de MAMBANDA,LITTORAL,,secondary_general,MISSING,NO,MINESEC
7II1GSBD111330112,Lyce Bilingue de SODIKO,LITTORAL,SODIKO,secondary_general,VALID,NO,MINESEC
7II1GSFD012470072,Lyce Polyvalent de BONABERI,LITTORAL,BELLE BELLE,secondary_general,VALID,NO,MINESEC
7IJ1GSFD101305110,CES de la CITE-SIC,LITTORAL,NDOGHEM I,secondary_general,VALID,NO,MINESEC
7IJ1GSBD110007113,Lyce Bilingue de BEPANDA,LITTORAL,,secondary_general,MISSING,NO,MINESEC
7IJ1GSBD111195108,Lyce Bilingue de LOGPOM II,LITTORAL,LOGPOM,secondary_general,VALID,NO,MINESEC
7IJ1GSFD112004091,Lyce d'AKWA-NORD,LITTORAL,3e DEGRE,secondary_general,CLEARLY_INVALID,YES,MINESEC
7IJ1GSFD110039090,Lyce de LA CITE DES PALMIERS,LITTORAL,BOBONG,secondary_general,VALID,NO,MINESEC
7IJ1GSFD110043100,Lyce de MAKEPE,LITTORAL,,secondary_general,MISSING,NO,MINESEC
7IK1GSBD110237111,Lyce Bilingue de MANOKA,LITTORAL,Manoka centre,secondary_general,VALID,NO,MINESEC
4CE1GSFD101616111,CES de KING-PLACE-BATCHAM,OUEST,,secondary_general,MISSING,NO,MINESEC
4CI1GSBD103242120,CES Bilingue de BAMENDJO-BAMETEGOU,OUEST,,secondary_general,MISSING,NO,MINESEC
4CI1GSFD111795110,Lyce de KONTSA'A,OUEST,,secondary_general,MISSING,NO,MINESEC
4EC1GSBD111504105,Lyce Bilingue de BAFANG,OUEST,,secondary_general,MISSING,NO,MINESEC
4EC1GSFD111803106,Lyce de BAFANG-RURAL,OUEST,,secondary_general,MISSING,NO,MINESEC
4EE1GSFD101181110,CES de BABOUTCHA-FONGAM,OUEST,,secondary_general,MISSING,NO,MINESEC
4HE1GSFD110791110,Lyce Bilingue de BANGAM,OUEST,,secondary_general,MISSING,NO,MINESEC
4HI1GSBD100487112,CES Bilingue de BAFAMGOUM I,OUEST,,secondary_general,MISSING,NO,MINESEC
4IE1GSFD100476109,CES de BANGANG-FONDJI,OUEST,,secondary_general,MISSING,NO,MINESEC
4IE1GSBD110474115,Lyce Bilingue de DJEBEM,OUEST,,secondary_general,MISSING,NO,MINESEC
4JJ1GSBD103243120,CES Bilingue de BALESSING,OUEST,,secondary_general,MISSING,NO,MINESEC
4JK1GSBD101308111,CES Bilingue d'ABACK-NKA,OUEST,,secondary_general,MISSING,NO,MINESEC
4KC1GSBD103244120,CES Bilingue de NKOUEKOUON,OUEST,,secondary_general,MISSING,NO,MINESEC
4KH1GSFD112398107,Lyce de DJUNANG,OUEST,,secondary_general,MISSING,NO,MINESEC
4LC1GSBD103246120,CES Bilingue de BATCHINGOU-TOUSSEU,OUEST,,secondary_general,MISSING,NO,MINESEC
4LC1GSBD103245120,CES Bilingue de BITCHOUA I,OUEST,,secondary_general,MISSING,NO,MINESEC
4LC1GSFD111626110,Lyce de BANTUM,OUEST,,secondary_general,MISSING,NO,MINESEC
4ME1GSBD112138097,Lyce Bilingue SULTAN IBRAHIM NJOYA,OUEST,,secondary_general,MISSING,NO,MINESEC
4ME1GSFD112233107,Lyce de KOUPA-MATAPIT,OUEST,,secondary_general,MISSING,NO,MINESEC
4MI1GSFD101512108,CES de NGBETNSOUEN II,OUEST,,secondary_general,MISSING,NO,MINESEC
4MK1GSBD111937100,Lyce Bilingue de MAGBA,OUEST,,secondary_general,MISSING,NO,MINESEC
4ML1GSBD103247120,CES Bilingue de NJINGA,OUEST,,secondary_general,MISSING,NO,MINESEC
4MN1GSBD103248120,CES Bilingue de FOLAP,OUEST,,secondary_general,MISSING,NO,MINESEC
2CE1GSFD102249108,CES de MINIM,ADAMAOUA,,secondary_general,MISSING,NO,MINESEC
2HE1GSBD103232120,CES Bilingue de MBIRIDJOM,ADAMAOUA,,secondary_general,MISSING,NO,MINESEC
2HC1GSBD112409108,Lyce Bilingue d'ATTA,ADAMAOUA,,secondary_general,MISSING,NO,MINESEC
2HC1GSFD110029109,Lyce de SONGKOLONG,ADAMAOUA,,secondary_general,MISSING,NO,MINESEC
2HE1GSBD103231120,CES Bilingue de MBAMTI-KATARKO,ADAMAOUA,,secondary_general,MISSING,NO,MINESEC
2HE1GSBD110503107,Lyce Bilingue de BANYO,ADAMAOUA,,secondary_general,MISSING,NO,MINESEC
2HH1GSBD103233120,CES Bilingue de RIBAO,ADAMAOUA,,secondary_general,MISSING,NO,MINESEC
2JC1GSFD100338111,CES de DJILOUGOU,ADAMAOUA,,secondary_general,MISSING,NO,MINESEC
2JC1GSFD110093108,Lyce d'IDOOL,ADAMAOUA,,secondary_general,MISSING,NO,MINESEC
2JH1GSFD111480114,Lyce de KARNA-MANGA,ADAMAOUA,,secondary_general,MISSING,NO,MINESEC
2JJ1GSFD111840074,Lyce Classique et Moderne de NGAOUNDERE,ADAMAOUA,,secondary_general,MISSING,NO,MINESEC
1CE1GSFD102830115,CES d'HAMALADE,NORD,,secondary_general,MISSING,NO,MINESEC
1CJ1GSFD110833098,Lyce de GAROUA-DJAMBOUTOU,NORD,,secondary_general,MISSING,NO,MINESEC
1CL1GSFD102696114,CES d'HAIGA-DJEWA,NORD,,secondary_general,MISSING,NO,MINESEC
1CL1GSFD102867115,CES de SANGUERE-NGAL,NORD,,secondary_general,MISSING,NO,MINESEC
1CM1GSFD101470112,CES d'OURO-DOUKOUDJE,NORD,,secondary_general,MISSING,NO,MINESEC
1CM1GSFD112222098,Lyce de LAGDO,NORD,,secondary_general,MISSING,NO,MINESEC
1CN1GSFD111233109,Lyce de BARNDAKE,NORD,,secondary_general,MISSING,NO,MINESEC
1CR1GSBD111260113,Lyce Bilingue de NGONG,NORD,,secondary_general,MISSING,NO,MINESEC
1CR1GSFD112036108,Lyce de TCHEBOA,NORD,,secondary_general,MISSING,NO,MINESEC
1CT1GSFD111213107,Lyce de TOUROUA,NORD,,secondary_general,MISSING,NO,MINESEC
1EC1GSFD111160110,Lyce de TCHAMBA,NORD,,secondary_general,MISSING,NO,MINESEC
1EE1GSFD102330113,CES de MAYO-BANTADJE,NORD,,secondary_general,MISSING,NO,MINESEC
1EE1GSFD100775110,CES de POLI-RURAL,NORD,,secondary_general,MISSING,NO,MINESEC
1HC1GSFD102866115,CES de BOUDVA,NORD,,secondary_general,MISSING,NO,MINESEC
1HC1GSFD102678114,CES de DJABE-BIOU,NORD,,secondary_general,MISSING,NO,MINESEC
1HC1GSFD100950112,CES de DJOUGUI,NORD,,secondary_general,MISSING,NO,MINESEC
1HC1GSFD101069110,Lyce de BIDZAR,NORD,,secondary_general,MISSING,NO,MINESEC
1HE1GSFD102334113,CES d'OURO-TARA,NORD,,secondary_general,MISSING,NO,MINESEC
1HE1GSFD101315112,CES de MAYO-LOUE,NORD,,secondary_general,MISSING,NO,MINESEC
1HH1GSBD103240120,CES Bilingue de BOSSOUM,NORD,,secondary_general,MISSING,NO,MINESEC
1HH1GSBD111073115,Lyce Bilingue de MANDAMA,NORD,,secondary_general,MISSING,NO,MINESEC
1IC1GSFD110800113,Lyce de GOR,NORD,,secondary_general,MISSING,NO,MINESEC
1IC1GSFD110864106,Lyce de MANDINGRING,NORD,,secondary_general,MISSING,NO,MINESEC
1IE1GSFD110704108,Lyce de BAIKWA,NORD,,secondary_general,MISSING,NO,MINESEC
1IE1GSFD110868115,Lyce de BERE,NORD,,secondary_general,MISSING,NO,MINESEC
1IH1GSFD102699114,CES de GOUGA,NORD,,secondary_general,MISSING,NO,MINESEC
1II1GSFD102924114,CES de MAYO-LADEE,NORD,,secondary_general,MISSING,NO,MINESEC
0CH1GSFD110296107,Lyce de GAZAWA,EXTREME-NORD,,secondary_general,MISSING,NO,MINESEC
0CJ1GSFD111936113,Lyce de DOUALARE,EXTREME-NORD,,secondary_general,MISSING,NO,MINESEC
0CK1GSBD111236092,Lyce Bilingue de MAROUA,EXTREME-NORD,,secondary_general,MISSING,NO,MINESEC
0EK1GSFD103230120,CES d'AJAINE,EXTREME-NORD,,secondary_general,MISSING,NO,MINESEC
0EM1GSFD102074099,CES d'AFADE,EXTREME-NORD,,secondary_general,MISSING,NO,MINESEC
0HC1GSBD103236120,CES Bilingue de LARA-WARSAYE,EXTREME-NORD,,secondary_general,MISSING,NO,MINESEC
0HE1GSFD112189115,Lyce de DOMPYA,EXTREME-NORD,,secondary_general,MISSING,NO,MINESEC
0HE1GSFD110346111,Lyce de NOULDAINA,EXTREME-NORD,,secondary_general,MISSING,NO,MINESEC
0HH1GSFD112080107,Lyce Bilingue de GUERE,EXTREME-NORD,,secondary_general,MISSING,NO,MINESEC
0HJ1GSFD102840116,CES de GUINANE,EXTREME-NORD,,secondary_general,MISSING,NO,MINESEC
0HK1GSFD102841116,CES de BOUZAR,EXTREME-NORD,,secondary_general,MISSING,NO,MINESEC
0HK1GSFD102214113,CES de SIRLAWE,EXTREME-NORD,,secondary_general,MISSING,NO,MINESEC
0HM1GSBD103237120,CES Bilingue de SAOURINGWA,EXTREME-NORD,,secondary_general,MISSING,NO,MINESEC
0HM1GSFD112122103,Lyce de TCHATIBALI,EXTREME-NORD,,secondary_general,MISSING,NO,MINESEC
0HQ1GSFD111100113,Lyce d'HOUGNO,EXTREME-NORD,,secondary_general,MISSING,NO,MINESEC
0HR1GSFD112467078,Lyce Classique et Moderne de YAGOUA,EXTREME-NORD,,secondary_general,MISSING,NO,MINESEC
0IC1GSFD100441112,CES de MANDAIGOUM,EXTREME-NORD,,secondary_general,MISSING,NO,MINESEC
0IE1GSBD112065104,Lyce Bilingue de KAELE,EXTREME-NORD,,secondary_general,MISSING,NO,MINESEC
0IH1GSBD112105114,Lyce Bilingue de MINDIF,EXTREME-NORD,,secondary_general,MISSING,NO,MINESEC
0IJ1GSFD110174111,Lyce de TITING,EXTREME-NORD,,secondary_general,MISSING,NO,MINESEC
0KE1GSFD110570115,Lyce de GAMDOUGOUM,EXTREME-NORD,,secondary_general,MISSING,NO,MINESEC
0KH1GSBD110579110,Lyce Bilingue de KOZA,EXTREME-NORD,,secondary_general,MISSING,NO,MINESEC
0KK1GSFD110284113,Lyce de MOFOLE,EXTREME-NORD,,secondary_general,MISSING,NO,MINESEC