source_family,publisher,authority,date,format,coverage,region,nominative,school_count,identifier_present,approval_status_shown,address_city_shown,pii_risk,completeness
A - MINT/DTT portal (mintransports.cm),MINT,MINT/DTT,consulté 2026-08-21,HTML/PDF portail,Portail national actif ; page/liste auto-écoles NON localisée,National (structure dossier),NON,0,NON,NON,NON,EXPECTED_COUNT_UNKNOWN
B - Délégations régionales (osidimbea.cm),Encyclopédie privée (osidimbea),MINT (organigramme décrit),consulté 2026-08-21,HTML,Organigramme DRT Centre + 10 délégations départementales listées (noms seulement),Centre,NON,0,NON,NON,NON (noms de responsables non collectés),EXPECTED_COUNT_UNKNOWN
C - Arrêté N°00406/A/MINT/DTT (2000),Ministère des Transports,MINT/DTT,28-04-2000,Texte réglementaire (citation croisée),Cadre national,National,NON,0,Principe confirmé mais aucun numéro réel,N/A,N/A,N/A - texte pas un registre
D - CNSR équivalent camerounais,N/A,N/A,N/A,N/A,Recherche infructueuse (résultats renvoyés = CNSR France),N/A,NON,0,NON,NON,NON,EXPECTED_COUNT_UNKNOWN
E - ssdtmint.cm (services dématérialisés),MINT,MINT,consulté 2026-08-21,Plateforme web,Service inclut catégorie 'autorisation auto-école' mais aucune recherche/liste publique,National (service en ligne),NON,0,NON,Catégorie de document mentionnée sans liste,NON,EXPECTED_COUNT_UNKNOWN
H - TRANSTAT MINT 2025 (annuaire statistique),MINT,MINT (données DTR),2025,PDF (extrait avec pdftotext ce sprint),Graphique national 'auto-écoles créées par sexe 2018-2022' - AGRÉGAT,National,NON (agrégat),0 (moyenne ~50 créations/an citée, pas une liste),NON,NON,NON,Source déclare une moyenne annuelle, pas un total - AGRÉGAT UNIQUEMENT
Discovery - africannuaire.com (annuaire privé),SPHM Editions (privé),Aucune (non gouvernemental),consulté 2026-08-21,HTML,8 auto-écoles nommées (Yaoundé/Douala),Centre + Littoral,OUI (Tier 3),8,NON,NON,OUI (ville),NON (téléphones business exclus de ce rapport),EXPECTED_COUNT_UNKNOWN - annuaire commercial non exhaustif
Discovery - sites propres (Google Sites / road-safety-charter.ec.europa.eu),Auto-écoles elles-mêmes,Aucune,consulté 2026-08-21,HTML,2 auto-écoles nommées individuellement,Non précisée,OUI (Tier 3),2,NON,NON,Partiel,NON,N/A - pages individuelles, pas un registre
Discovery - presse (multiples articles),Presse camerounaise,Citant MINT sans être MINT,Hétérogène (~2015-2024),HTML,Chiffres agrégés contradictoires (166/450/102/250/396 selon année),National,NON,0,NON,NON,NON,Chiffres contradictoires - AUCUN retenu comme expected_count
